"path","responsibility","planned_action","status","behavior","validation","remaining_work","validated_version","related_paths","sha256"
"src/java9/java9.iml","待逐文件审查","删除复制源码/元数据，改用锁定Maven依赖","已验证","待建立对应关系","16正常文档+2异常文档差分一致；配置回归及最终JAR隔离加载通过","第三方全库行为不属于项目重写范围","B-vendor-chat","build.gradle.kts:bundledLibraries(org.yaml:snakeyaml:2.6)","DFA77BE0D325836B14F9460D807853D74D0BD30C6228DCF99C14C6E7E1896DC0"
"src/java9/java/Logger.java","待逐文件审查","删除复制源码/元数据，改用锁定Maven依赖","已验证","待建立对应关系","16正常文档+2异常文档差分一致；配置回归及最终JAR隔离加载通过","第三方全库行为不属于项目重写范围","B-vendor-chat","build.gradle.kts:bundledLibraries(org.yaml:snakeyaml:2.6)","46C6A48A4C208B732261CDD105D3964BD5B24D4357535445F43EEC3BD3374005"
"src/main/main.iml","待逐文件审查","审查并按业务链路重构","待审查","待建立对应关系","基线全量编译通过；无行为测试","审查、实施、行为验证","baseline-local-20260914","","FD3CC4B7C8A7FF7177AE2BA8DDA9E2A16272F44A212C130AD3505A4416684F43"
"src/main/java/summary.txt","待逐文件审查","审查并按业务链路重构","待审查","待建立对应关系","基线全量编译通过；无行为测试","审查、实施、行为验证","baseline-local-20260914","","71037EBC1E8547FC8DBFED40C616C8A02C86BB2AD887958B538A71E0EF1FA317"
"src/main/java/architectury_inject_cobblebattle_common_84ada36ed10b422c8f72434287689d99_975769be37621a987f63c430a22318bbedcae101857aebd41972004a7616c977cobblebattlecommon013devjar/PlatformMethods.java","待逐文件审查","审查并按业务链路重构","待审查","待建立对应关系","基线全量编译通过；无行为测试","审查、实施、行为验证","baseline-local-20260914","","F9DD000BDAF4855147E5BFC8D27659C727192A5BA979332FE2D69F4069F77731"
"src/main/java/xiaocaoawa/minecraft/mod/cobblebattle/CobbleBattle.java","待逐文件审查","审查并按业务链路重构","待审查","待建立对应关系","基线全量编译通过；无行为测试","审查、实施、行为验证","baseline-local-20260914","","2941DFC10CB45635E796588644B13685EED6C51F94BE0D813A08661C5F4F90E4"
"src/main/java/xiaocaoawa/minecraft/mod/cobblebattle/account/AuthMode.java","待逐文件审查","审查并按业务链路重构","待审查","待建立对应关系","基线全量编译通过；无行为测试","审查、实施、行为验证","baseline-local-20260914","","7A62FCC11B748F323168927E9A6F185C258A8C383B35BA23E1C7EDC216E48924"
"src/main/java/xiaocaoawa/minecraft/mod/cobblebattle/account/AuthService.java","待逐文件审查","保留公开入口及record，委托Kotlin","待验证","待建立对应关系","账号响应状态2项及消息组装3项通过","真实玩家提交及远端登录/注册联调","B3-account","src/main/kotlin/io/github/rinicesiberia/shadowbattle/account/AccountSessions.kt","F721515C7C97A5F7B5E641FC18DBC1CFA84AB87367A6B0AD3ACF7F7A489F8432"
"src/main/java/xiaocaoawa/minecraft/mod/cobblebattle/api/AccountEvent.java","公开事件接口","审查并按业务链路重构","待审查","待建立对应关系","基线全量编译通过；无行为测试","审查、实施、行为验证","baseline-local-20260914","","107350FEAC46A80C46D2F2FA218CE2AA5C4246E14E2737396D6FCA2DBFC77363"
"src/main/java/xiaocaoawa/minecraft/mod/cobblebattle/api/BattleEndedEvent.java","公开事件接口","审查并按业务链路重构","待审查","待建立对应关系","基线全量编译通过；无行为测试","审查、实施、行为验证","baseline-local-20260914","","E8C9320EBA2960462D14358073EB7091CDA15089011060D7BB126D39B6679B06"
"src/main/java/xiaocaoawa/minecraft/mod/cobblebattle/api/BattleInfo.java","公开事件接口","审查并按业务链路重构","待审查","待建立对应关系","基线全量编译通过；无行为测试","审查、实施、行为验证","baseline-local-20260914","","0C0FBC24AC36FE2551959A4F4A87E5E1BD23657EF351B83754A165AA62A57309"
"src/main/java/xiaocaoawa/minecraft/mod/cobblebattle/api/BattleOutcome.java","公开事件接口","审查并按业务链路重构","待审查","待建立对应关系","基线全量编译通过；无行为测试","审查、实施、行为验证","baseline-local-20260914","","9EBD36CA3652095212B285FF7C407F36D71B426F808A8764E5802326C556279A"
"src/main/java/xiaocaoawa/minecraft/mod/cobblebattle/api/BattleStartedEvent.java","公开事件接口","审查并按业务链路重构","待审查","待建立对应关系","基线全量编译通过；无行为测试","审查、实施、行为验证","baseline-local-20260914","","89FD7413670CE2280D160C57AB3D186FD127A892960DF3090867F763495B36A3"
"src/main/java/xiaocaoawa/minecraft/mod/cobblebattle/api/CobbleBattleApi.java","公开事件接口","审查并按业务链路重构","待审查","待建立对应关系","基线全量编译通过；无行为测试","审查、实施、行为验证","baseline-local-20260914","","52EF25B2419A0C412830EA1D215E64D0050E315803F4284E316F64C2F8C9A3C7"
"src/main/java/xiaocaoawa/minecraft/mod/cobblebattle/api/QueueEvent.java","公开事件接口","审查并按业务链路重构","待审查","待建立对应关系","基线全量编译通过；无行为测试","审查、实施、行为验证","baseline-local-20260914","","B0DF4F4CB2A22FEC9BAEE18991BFD9FE4681444964617FE9127E8754213BDBB0"
"src/main/java/xiaocaoawa/minecraft/mod/cobblebattle/api/ScoreChange.java","公开事件接口","审查并按业务链路重构","待审查","待建立对应关系","基线全量编译通过；无行为测试","审查、实施、行为验证","baseline-local-20260914","","FE24A4D4D6FC28B67ABD2525C99097B8BAA4BC8225216DE2E734874A77D5E3B8"
"src/main/java/xiaocaoawa/minecraft/mod/cobblebattle/api/SpectateEvent.java","公开事件接口","审查并按业务链路重构","待审查","待建立对应关系","基线全量编译通过；无行为测试","审查、实施、行为验证","baseline-local-20260914","","60726B2DE62567D0C06493ED84260BA096EC9296FE357F5349632D057B8BD9D5"
"src/main/java/xiaocaoawa/minecraft/mod/cobblebattle/battle/ApiEvents.java","待逐文件审查","审查并按业务链路重构","待审查","待建立对应关系","基线全量编译通过；无行为测试","审查、实施、行为验证","baseline-local-20260914","","7E59B7BAE2BEA6058EB9DB020AC4A5540D0EC7AE9633C9463D5F3AA10C368885"
"src/main/java/xiaocaoawa/minecraft/mod/cobblebattle/battle/BattleQueue.java","排队、房间请求与兼容入口","保留包级入口，委托Kotlin状态组件","待验证","等待队伍、引用绑定、响应领取、发送失败回收、退出及断线清理","Kotlin状态2项契约及全量32项测试通过","真实远端匹配、玩家断线、房间关闭和服务重连集成验证","B6-queue-state","src/main/kotlin/io/github/rinicesiberia/shadowbattle/battle/QueueReferenceBook.kt","B99F0399912F9E08A313E234D14803C826ABB5035E92388E1C8819228B289422"
"src/main/java/xiaocaoawa/minecraft/mod/cobblebattle/battle/CrossServerBattles.java","待逐文件审查","保留兼容入口，提取Kotlin状态组件","待验证","待建立对应关系","索引/路由/序号8项契约通过","MirrorBattle其余实体/描述信息流程尚未迁移和集成验证","B4-projection","","58A2971F793624DE0CD503CD9B72B7DFA5CEF8FE7B96B659032E33949D333CAE"
"src/main/java/xiaocaoawa/minecraft/mod/cobblebattle/battle/CrossServerBattleService.java","跨服连接、请求路由、匹配与对战协调","按状态域提取Kotlin组件并保留公开入口","进行中","服务请求、房间目录、结束胜负与分数；其余匹配和对战协调","状态组件12项、既有契约及全量54项测试通过","匹配创建、BattleRegistry启动、断线与实体生命周期验证","B4-battle-result","src/main/kotlin/io/github/rinicesiberia/shadowbattle/battle/ServiceRequestLedger.kt;src/main/kotlin/io/github/rinicesiberia/shadowbattle/battle/RoomDirectoryState.kt;src/main/kotlin/io/github/rinicesiberia/shadowbattle/battle/BattleResultProjection.kt","CCB7407B07B6C789D8A94DAE1EA7A2F4AD525CB0875EFABB73E006505A6C32F7"
"src/main/java/xiaocaoawa/minecraft/mod/cobblebattle/battle/EntityBackedRemoteBattleActor.java","待逐文件审查","审查并按业务链路重构","待审查","待建立对应关系","基线全量编译通过；无行为测试","审查、实施、行为验证","baseline-local-20260914","","E835C1A785FF83947A018803B43E99D6FEBFCB1C6068B77F30F8E854E6EAC61E"
"src/main/java/xiaocaoawa/minecraft/mod/cobblebattle/battle/MirrorBattle.java","镜像对战兼容入口、输出解释与实体引用","保留公开ABI，委托Kotlin状态组件","待验证","参与者、座位、观战者、业务描述、实体引用、输出路由与序号缓存","参与者3项、实体容器2项、投影/路由/序号8项、全量48项通过；公开javap签名一致","真实实体生成/清理、Showdown解释、对战启动和结束集成验证","B4-mirror-entities","src/main/kotlin/io/github/rinicesiberia/shadowbattle/battle/MirrorParticipantState.kt;src/main/kotlin/io/github/rinicesiberia/shadowbattle/battle/MirrorEntityRegistry.kt;src/main/kotlin/io/github/rinicesiberia/shadowbattle/battle/SequencedOutputBuffer.kt","46F48FB4AB7B05E19B33D106267058EE1BA23447C22D87DB9DB31D4E56E1D248"
"src/main/java/xiaocaoawa/minecraft/mod/cobblebattle/battle/MirrorFactory.java","匹配帧解析、队伍选择与本地镜像创建","按创建阶段提取Kotlin组件并保留实体集成入口","进行中","远端规则格式、队伍预选顺序及非法回退；其余实体与BattleRegistry启动","规则格式3项、队伍预选4项及全量51项测试通过","实体生成、启动确认、Mixin绑定和失败回收验证","B4-format-resolution","src/main/kotlin/io/github/rinicesiberia/shadowbattle/battle/BattleFormatResolver.kt;src/main/kotlin/io/github/rinicesiberia/shadowbattle/battle/TeamSelection.kt","B0FF7895A3688D9730224F1B02FC5D7B9E0814AEFE22CA1105B4497AB1623201"
"src/main/java/xiaocaoawa/minecraft/mod/cobblebattle/battle/MirrorNpc.java","待逐文件审查","审查并按业务链路重构","待审查","待建立对应关系","基线全量编译通过；无行为测试","审查、实施、行为验证","baseline-local-20260914","","7ADD50AC97C35211EC86063672AC5B0728B99BB6811BBF003E2AE2E54A45D74C"
"src/main/java/xiaocaoawa/minecraft/mod/cobblebattle/battle/MirrorPokemon.java","待逐文件审查","审查并按业务链路重构","待审查","待建立对应关系","基线全量编译通过；无行为测试","审查、实施、行为验证","baseline-local-20260914","","704BE8198FDB0E7C5BA4948A0FCB0D59C995CAA537DB442D5BF1D39722479559"
"src/main/java/xiaocaoawa/minecraft/mod/cobblebattle/battle/MirrorTeardown.java","待逐文件审查","审查并按业务链路重构","待审查","待建立对应关系","基线全量编译通过；无行为测试","审查、实施、行为验证","baseline-local-20260914","","C4F0CB14102EA84E68B76D9860170CA480E5F3F79EADB70CAFD33A07563C2119"
"src/main/java/xiaocaoawa/minecraft/mod/cobblebattle/battle/RemoteBattleActor.java","待逐文件审查","审查并按业务链路重构","待审查","待建立对应关系","基线全量编译通过；无行为测试","审查、实施、行为验证","baseline-local-20260914","","80C887B8F5A90D150360BF9C536FBE48BF4A8F294548473A961B12171F83BEEE"
"src/main/java/xiaocaoawa/minecraft/mod/cobblebattle/battle/RemoteTeamCodec.java","待逐文件审查","审查并按业务链路重构","待审查","待建立对应关系","基线全量编译通过；无行为测试","审查、实施、行为验证","baseline-local-20260914","","5ED38CDF8D0941920E1E703B91543B7277352ED47EBDEEE5CD7DCD3A6FE33EFF"
"src/main/java/xiaocaoawa/minecraft/mod/cobblebattle/battle/SpectatorFactory.java","待逐文件审查","审查并按业务链路重构","待审查","待建立对应关系","基线全量编译通过；无行为测试","审查、实施、行为验证","baseline-local-20260914","","2388A0691A48429C559A27BEC1F0DE13AF3CBC415C77E9FCACEDE63EE8C53CDE"
"src/main/java/xiaocaoawa/minecraft/mod/cobblebattle/battle/TeamPreviews.java","待逐文件审查","审查并按业务链路重构","待审查","待建立对应关系","基线全量编译通过；无行为测试","审查、实施、行为验证","baseline-local-20260914","","3BF3D968587D5EA55814635EFD8C4B3C04B8D310E1FB6EDB07DA9042AD31DE16"
"src/main/java/xiaocaoawa/minecraft/mod/cobblebattle/client/AuthScreen.java","待逐文件审查","审查并按业务链路重构","待审查","待建立对应关系","基线全量编译通过；无行为测试","审查、实施、行为验证","baseline-local-20260914","","10C9FD04EF3668715A9DD6AD29928DFEF3AAF7DFC935E3D802F0A1E3FB873E9E"
"src/main/java/xiaocaoawa/minecraft/mod/cobblebattle/client/AuthScreenHandler.java","待逐文件审查","审查并按业务链路重构","待审查","待建立对应关系","基线全量编译通过；无行为测试","审查、实施、行为验证","baseline-local-20260914","","CF90F77BF36387255AD7AEB62DCD75A16ACD75B24AC622B3CF67EA350A36EE3B"
"src/main/java/xiaocaoawa/minecraft/mod/cobblebattle/client/BackButton.java","待逐文件审查","审查并按业务链路重构","待审查","待建立对应关系","基线全量编译通过；无行为测试","审查、实施、行为验证","baseline-local-20260914","","F623D86AE63176B7ACC0D155A8F2E3F4136CBE124ECA3C3AC5E33B8D00AE9DF2"
"src/main/java/xiaocaoawa/minecraft/mod/cobblebattle/client/Backdrop.java","待逐文件审查","审查并按业务链路重构","待审查","待建立对应关系","基线全量编译通过；无行为测试","审查、实施、行为验证","baseline-local-20260914","","C51A46006509F801E6BAF2E5FFC89CAC090006A84A47EAD132F32CD56EB72C5B"
"src/main/java/xiaocaoawa/minecraft/mod/cobblebattle/client/ChatHud.java","待逐文件审查","审查并按业务链路重构","待审查","待建立对应关系","基线全量编译通过；无行为测试","审查、实施、行为验证","baseline-local-20260914","","EA23025CBE4E7DC4B8D63D4150347E121070D1F2E8D3473C118D04C74B5F1E33"
"src/main/java/xiaocaoawa/minecraft/mod/cobblebattle/client/ChatInput.java","待逐文件审查","审查并按业务链路重构","待审查","待建立对应关系","基线全量编译通过；无行为测试","审查、实施、行为验证","baseline-local-20260914","","0BC305715780D52FC3A92838A296E9F1215802850352CF630E78DE04C2129144"
"src/main/java/xiaocaoawa/minecraft/mod/cobblebattle/client/ChatKeys.java","待逐文件审查","审查并按业务链路重构","待审查","待建立对应关系","基线全量编译通过；无行为测试","审查、实施、行为验证","baseline-local-20260914","","76CBC32AA6DE37F6F8D375EFED98E25E6A492A330089D176BC53BA74AEBA114D"
"src/main/java/xiaocaoawa/minecraft/mod/cobblebattle/client/ChatLog.java","待逐文件审查","保留ABI并委托Kotlin","已验证","待建立对应关系","3项聊天行为基线回归","游戏界面联调","B-vendor-chat","","3FE9741850F8CB9829D5EF4C04AA5FD774DC433F763A7AE9335CEF1D15B68C98"
"src/main/java/xiaocaoawa/minecraft/mod/cobblebattle/client/ChatPanel.java","待逐文件审查","审查并按业务链路重构","待审查","待建立对应关系","基线全量编译通过；无行为测试","审查、实施、行为验证","baseline-local-20260914","","5C1F5341387F0FCCC4ED32A9F9955C497EFB9EB8EA7E9A2FCEBB9160E2AC4BD3"
"src/main/java/xiaocaoawa/minecraft/mod/cobblebattle/client/ChatRoomScreen.java","待逐文件审查","审查并按业务链路重构","待审查","待建立对应关系","基线全量编译通过；无行为测试","审查、实施、行为验证","baseline-local-20260914","","2EF68BA5021457D4EF5C87B2BACFA2C40E24D240C3D08DF12695A64A36CA2072"
"src/main/java/xiaocaoawa/minecraft/mod/cobblebattle/client/ChatScreen.java","待逐文件审查","审查并按业务链路重构","待审查","待建立对应关系","基线全量编译通过；无行为测试","审查、实施、行为验证","baseline-local-20260914","","EB28A2D897DF2AD327DC56C62E180905E0A8654B512D25C3512A2B909A3833C7"
"src/main/java/xiaocaoawa/minecraft/mod/cobblebattle/client/ChatScreenHandler.java","待逐文件审查","审查并按业务链路重构","待审查","待建立对应关系","基线全量编译通过；无行为测试","审查、实施、行为验证","baseline-local-20260914","","8B202E5960657329F6C8223CDFD5E9A9AAA52C4B87DB72B959897FC5F3AADD72"
"src/main/java/xiaocaoawa/minecraft/mod/cobblebattle/client/ChatState.java","待逐文件审查","保留ABI并委托Kotlin","已验证","待建立对应关系","3项聊天行为基线回归","游戏界面联调","B-vendor-chat","","277C983CEF6DDAE6E6BA427FD97D24C4E38EB1C00102BD574EFE7A6019EB7EA8"
"src/main/java/xiaocaoawa/minecraft/mod/cobblebattle/client/ClientSettings.java","待逐文件审查","审查并按业务链路重构","待审查","待建立对应关系","基线全量编译通过；无行为测试","审查、实施、行为验证","baseline-local-20260914","","E4A07001AF65BC5F3B1821F79B319F2FF454A98252481EDCB5CE0ADBED5B09CA"
"src/main/java/xiaocaoawa/minecraft/mod/cobblebattle/client/CobbleBattleClient.java","待逐文件审查","审查并按业务链路重构","待审查","待建立对应关系","基线全量编译通过；无行为测试","审查、实施、行为验证","baseline-local-20260914","","C28E6452D1CFE846874253DB4718BD791069066AB2C13C9529CEDAFD1874A37C"
"src/main/java/xiaocaoawa/minecraft/mod/cobblebattle/client/CobblemonCompat.java","待逐文件审查","审查并按业务链路重构","待审查","待建立对应关系","基线全量编译通过；无行为测试","审查、实施、行为验证","baseline-local-20260914","","AEF834AC737EC55EB53E8BBBBB9B2398C6474448BCBE5D57D7203FDB5B43474B"
"src/main/java/xiaocaoawa/minecraft/mod/cobblebattle/client/LeaderboardScreen.java","待逐文件审查","审查并按业务链路重构","待审查","待建立对应关系","基线全量编译通过；无行为测试","审查、实施、行为验证","baseline-local-20260914","","A0359AFB7C4A87D8AE5064AE492C5AAE83AC9427B1E19A51F5164B86C12474C5"
"src/main/java/xiaocaoawa/minecraft/mod/cobblebattle/client/LeaderboardScreenHandler.java","待逐文件审查","审查并按业务链路重构","待审查","待建立对应关系","基线全量编译通过；无行为测试","审查、实施、行为验证","baseline-local-20260914","","EF75EDCAA1416E0348DA2DFCAADAC16106CAAE2967FB83B58B4C817024C68C5E"
"src/main/java/xiaocaoawa/minecraft/mod/cobblebattle/client/MainMenuHandler.java","待逐文件审查","审查并按业务链路重构","待审查","待建立对应关系","基线全量编译通过；无行为测试","审查、实施、行为验证","baseline-local-20260914","","10BC76F72477F3AC578048572C2313CCEFFE1B3CE04429AE7D9FE9BCF16F363C"
"src/main/java/xiaocaoawa/minecraft/mod/cobblebattle/client/MainMenuScreen.java","待逐文件审查","审查并按业务链路重构","待审查","待建立对应关系","基线全量编译通过；无行为测试","审查、实施、行为验证","baseline-local-20260914","","47AD196A1800C5200B57562993E65A6D4D715F4550E3AB0440644942D7A4C3AB"
"src/main/java/xiaocaoawa/minecraft/mod/cobblebattle/client/MenuKeys.java","待逐文件审查","审查并按业务链路重构","待审查","待建立对应关系","基线全量编译通过；无行为测试","审查、实施、行为验证","baseline-local-20260914","","ACB3C9AB3B9E5A6AEE38A63136DD4F219BF6BDFA33B926B21064AE0874E7043D"
"src/main/java/xiaocaoawa/minecraft/mod/cobblebattle/client/PlayerPortrait.java","待逐文件审查","审查并按业务链路重构","待审查","待建立对应关系","基线全量编译通过；无行为测试","审查、实施、行为验证","baseline-local-20260914","","9A701966C8D595CFB8E1B3A850CDC3488F6311AC9B7D26ABB8DBE6511CFD426E"
"src/main/java/xiaocaoawa/minecraft/mod/cobblebattle/client/RankedScreen.java","待逐文件审查","审查并按业务链路重构","待审查","待建立对应关系","基线全量编译通过；无行为测试","审查、实施、行为验证","baseline-local-20260914","","F6085A3B3EBBB5E69352C68831AD36EF5A6110815A2C79BEAE755644282F6DB6"
"src/main/java/xiaocaoawa/minecraft/mod/cobblebattle/client/RoomLobbyScreen.java","待逐文件审查","审查并按业务链路重构","待审查","待建立对应关系","基线全量编译通过；无行为测试","审查、实施、行为验证","baseline-local-20260914","","9135F8E3FF10585628E3172EC3A5599776E74A279F11E5E3D443406A20EB3507"
"src/main/java/xiaocaoawa/minecraft/mod/cobblebattle/client/RoomScreen.java","待逐文件审查","审查并按业务链路重构","待审查","待建立对应关系","基线全量编译通过；无行为测试","审查、实施、行为验证","baseline-local-20260914","","CA292C0FC0FF143DA7F31BBFA5CD4131AF0F2CCA3099D165674A48CE37C57D9E"
"src/main/java/xiaocaoawa/minecraft/mod/cobblebattle/client/RoomScreenHandler.java","待逐文件审查","审查并按业务链路重构","待审查","待建立对应关系","基线全量编译通过；无行为测试","审查、实施、行为验证","baseline-local-20260914","","EA9AC389AB97BB1DAC3D8C3C32228CE96F2430FB234397930071B48E4037540E"
"src/main/java/xiaocaoawa/minecraft/mod/cobblebattle/client/ServerDex.java","待逐文件审查","审查并按业务链路重构","待审查","待建立对应关系","基线全量编译通过；无行为测试","审查、实施、行为验证","baseline-local-20260914","","7D00B6CBD4C2DB2489D47D927B2A829C0BB11A33C27C9598822FAE21C56EB632"
"src/main/java/xiaocaoawa/minecraft/mod/cobblebattle/client/ServerDexHandler.java","待逐文件审查","审查并按业务链路重构","待审查","待建立对应关系","基线全量编译通过；无行为测试","审查、实施、行为验证","baseline-local-20260914","","DA2C6A14CEF0C57E53CB8E147AC7E389410FC6B2273B0629AC266BD943C9D24A"
"src/main/java/xiaocaoawa/minecraft/mod/cobblebattle/client/SettingsScreen.java","待逐文件审查","审查并按业务链路重构","待审查","待建立对应关系","基线全量编译通过；无行为测试","审查、实施、行为验证","baseline-local-20260914","","568E75BA2C4ABB692A2FB0347B5CA33B6BC77D381C97F6A0849C3382D67257F4"
"src/main/java/xiaocaoawa/minecraft/mod/cobblebattle/client/TeamPreviewHandler.java","待逐文件审查","审查并按业务链路重构","待审查","待建立对应关系","基线全量编译通过；无行为测试","审查、实施、行为验证","baseline-local-20260914","","1F379434DBFB72CF9C10A6E608269C47BCD17BAD7E64862D871EA15A34C04925"
"src/main/java/xiaocaoawa/minecraft/mod/cobblebattle/client/TeamPreviewScreen.java","待逐文件审查","审查并按业务链路重构","待审查","待建立对应关系","基线全量编译通过；无行为测试","审查、实施、行为验证","baseline-local-20260914","","772DAB5C1AD4CEA234268F16773DD0598333C7455A2DE33FA777F8BA910C1DCE"
"src/main/java/xiaocaoawa/minecraft/mod/cobblebattle/client/Ui.java","待逐文件审查","审查并按业务链路重构","待审查","待建立对应关系","基线全量编译通过；无行为测试","审查、实施、行为验证","baseline-local-20260914","","504CE21CE3BF3745285086E44ADA5A860677215973C889A99105617B00E50EAD"
"src/main/java/xiaocaoawa/minecraft/mod/cobblebattle/client/UnknownMark.java","待逐文件审查","审查并按业务链路重构","待审查","待建立对应关系","基线全量编译通过；无行为测试","审查、实施、行为验证","baseline-local-20260914","","5843B5C99E03DD574D2DC8FC25C8DB0E3B08EF9113E036EA35037F2031901908"
"src/main/java/xiaocaoawa/minecraft/mod/cobblebattle/command/AbstractSubCommand.java","待逐文件审查","审查并按业务链路重构","待审查","待建立对应关系","基线全量编译通过；无行为测试","审查、实施、行为验证","baseline-local-20260914","","B78430D0BD25C30310884C43C326B39DFF411F1F6BD256C9931C9756417D4106"
"src/main/java/xiaocaoawa/minecraft/mod/cobblebattle/command/MainCommand.java","待逐文件审查","审查并按业务链路重构","待审查","待建立对应关系","基线全量编译通过；无行为测试","审查、实施、行为验证","baseline-local-20260914","","11FF2B517930D8CF2CEB24D4F2CFDC9B59EE724E283C0506D87288CE39B6C99B"
"src/main/java/xiaocaoawa/minecraft/mod/cobblebattle/command/SubCheckCommand.java","待逐文件审查","审查并按业务链路重构","待审查","待建立对应关系","基线全量编译通过；无行为测试","审查、实施、行为验证","baseline-local-20260914","","52EAC38901937ACE5B763B0291FD983F3E6716B63963FFDD9EB37BFE6A48BC19"
"src/main/java/xiaocaoawa/minecraft/mod/cobblebattle/command/SubCommand.java","待逐文件审查","审查并按业务链路重构","待审查","待建立对应关系","基线全量编译通过；无行为测试","审查、实施、行为验证","baseline-local-20260914","","79CFDB1753802B43AA4118A00C0D3DD745B43B4E64D8A2452BFDFD51DA4E5662"
"src/main/java/xiaocaoawa/minecraft/mod/cobblebattle/command/SubJoinCommand.java","待逐文件审查","审查并按业务链路重构","待审查","待建立对应关系","基线全量编译通过；无行为测试","审查、实施、行为验证","baseline-local-20260914","","0EEC9FD96EE13DF3FE869077EE188D28544DB35D1FE8021DB0EED543DEA61BFA"
"src/main/java/xiaocaoawa/minecraft/mod/cobblebattle/command/SubLeaveCommand.java","待逐文件审查","审查并按业务链路重构","待审查","待建立对应关系","基线全量编译通过；无行为测试","审查、实施、行为验证","baseline-local-20260914","","446918A34974395FAD215AFA32DA6040574F364B9FA7DA0BE815D82D66CF00DF"
"src/main/java/xiaocaoawa/minecraft/mod/cobblebattle/command/SubLogoutCommand.java","待逐文件审查","审查并按业务链路重构","待审查","待建立对应关系","基线全量编译通过；无行为测试","审查、实施、行为验证","baseline-local-20260914","","A06430622F52AB7E5922C2ECC12818B1E51CAE3C8466FD1E9C1498ACC8AE334F"
"src/main/java/xiaocaoawa/minecraft/mod/cobblebattle/command/SubOpenCommand.java","待逐文件审查","审查并按业务链路重构","待审查","待建立对应关系","基线全量编译通过；无行为测试","审查、实施、行为验证","baseline-local-20260914","","30A3989BED2987E6F8D08977BFFB4AF63345B470EFC9BD4F8ED34D54CA190E7E"
"src/main/java/xiaocaoawa/minecraft/mod/cobblebattle/command/SubReloadCommand.java","待逐文件审查","审查并按业务链路重构","待审查","待建立对应关系","基线全量编译通过；无行为测试","审查、实施、行为验证","baseline-local-20260914","","3BE21ECE518E9D30DD0AAC7F97F512CDCDD41E81845C8CE72AD495AAA44B5376"
"src/main/java/xiaocaoawa/minecraft/mod/cobblebattle/command/SubStatusCommand.java","待逐文件审查","审查并按业务链路重构","待审查","待建立对应关系","基线全量编译通过；无行为测试","审查、实施、行为验证","baseline-local-20260914","","B9A22ECFA8479767511D8B3853DA30232E858B56992E3DF09D944D68C9050908"
"src/main/java/xiaocaoawa/minecraft/mod/cobblebattle/config/CobbleBattleConfig.java","待逐文件审查","保留公开兼容入口，委托Kotlin","已验证","待建立对应关系","配置5项及身份3项契约通过","后续受影响时重跑","B2-configuration","","CC8C68DFCF5DD850BC5F9D79E6676DC742AA77654C44CBA608B4A93630B1AE5F"
"src/main/java/xiaocaoawa/minecraft/mod/cobblebattle/config/ConfigFile.java","待逐文件审查","删除并迁移Kotlin","已验证","待建立对应关系","配置契约5项回归通过","无；后续依赖变更需重跑","B2-configuration","src/main/kotlin/io/github/rinicesiberia/shadowbattle/configuration/ConfigurationRepository.kt","BA38DE4B63A98A850883E497725B30C97C702930A718FFCFA4E0E28CB3FFD653"
"src/main/java/xiaocaoawa/minecraft/mod/cobblebattle/config/ServerIdentity.java","待逐文件审查","保留公开兼容入口，委托Kotlin","已验证","待建立对应关系","配置5项及身份3项契约通过","后续受影响时重跑","B2-configuration","","53002CA51CA05B293307648C15FCABB44ADFE41A85136CFF3A0E08DB26C4C3EF"
"src/main/java/xiaocaoawa/minecraft/mod/cobblebattle/config/YamlTree.java","待逐文件审查","删除并迁移Kotlin","已验证","待建立对应关系","配置契约5项回归通过","无；后续依赖变更需重跑","B2-configuration","src/main/kotlin/io/github/rinicesiberia/shadowbattle/configuration/ConfigurationDocument.kt","C103FE789964E9138E6986CF9FF841CDCF837D074387D2A4B47E8AA7203E5B8D"
"src/main/java/xiaocaoawa/minecraft/mod/cobblebattle/dex/RemoteDex.java","待逐文件审查","审查并按业务链路重构","待审查","待建立对应关系","基线全量编译通过；无行为测试","审查、实施、行为验证","baseline-local-20260914","","9126D01277E3BF155432003EAF2F2F70CFACAC969EFABB943F0DBAF6D0DF6598"
"src/main/java/xiaocaoawa/minecraft/mod/cobblebattle/lang/Msg.java","待逐文件审查","审查并按业务链路重构","待审查","待建立对应关系","基线全量编译通过；无行为测试","审查、实施、行为验证","baseline-local-20260914","","EA83FA769E2C336D2BC1633DF5918ED392FF6F6358865D05797869647097BE5E"
"src/main/java/xiaocaoawa/minecraft/mod/cobblebattle/mixin/BattleActorMixin.java","待逐文件审查","审查并按业务链路重构","待审查","待建立对应关系","基线全量编译通过；无行为测试","审查、实施、行为验证","baseline-local-20260914","","465A641366532876361FE556C1B5850D6EA154556DB7634664CEB845021249CC"
"src/main/java/xiaocaoawa/minecraft/mod/cobblebattle/mixin/BattleMessagePaneMixin.java","待逐文件审查","审查并按业务链路重构","待审查","待建立对应关系","基线全量编译通过；无行为测试","审查、实施、行为验证","baseline-local-20260914","","20D92A16DBD6602F92A0DBE820007B4FD11625AC44EF2DF3183FB6501F3AF46C"
"src/main/java/xiaocaoawa/minecraft/mod/cobblebattle/mixin/ClientPokedexSyncMixin.java","待逐文件审查","审查并按业务链路重构","待审查","待建立对应关系","基线全量编译通过；无行为测试","审查、实施、行为验证","baseline-local-20260914","","7236D697C8C3A8288E9E53FFB449E7359938BE609A0F1DBA263D4B7C1BFD33BB"
"src/main/java/xiaocaoawa/minecraft/mod/cobblebattle/mixin/CobblemonClientMixin.java","待逐文件审查","审查并按业务链路重构","待审查","待建立对应关系","基线全量编译通过；无行为测试","审查、实施、行为验证","baseline-local-20260914","","35816F3A5725C0B40728DC0BC82DCE0366A2F0F6BA97BC7467068E95B6FE59E9"
"src/main/java/xiaocaoawa/minecraft/mod/cobblebattle/mixin/GraalShowdownServiceMixin.java","待逐文件审查","审查并按业务链路重构","待审查","待建立对应关系","基线全量编译通过；无行为测试","审查、实施、行为验证","baseline-local-20260914","","34ECD5BECFB22793237DA76865BA049753E8D6354CFDD3648BAD3278CE4BAB0C"
"src/main/java/xiaocaoawa/minecraft/mod/cobblebattle/mixin/PokedexGUIMixin.java","待逐文件审查","审查并按业务链路重构","待审查","待建立对应关系","基线全量编译通过；无行为测试","审查、实施、行为验证","baseline-local-20260914","","EBE77A9CB732EB037A94380DDD0C5D6F41ED515AA0A2CC17F40783AD41EAD7C9"
"src/main/java/xiaocaoawa/minecraft/mod/cobblebattle/neoforge/CobbleBattleNeoForge.java","待逐文件审查","审查并按业务链路重构","待审查","待建立对应关系","基线全量编译通过；无行为测试","审查、实施、行为验证","baseline-local-20260914","","C37DED54841ACE3D272B652945522F563829795A3B56DD39C103C60731F53B9F"
"src/main/java/xiaocaoawa/minecraft/mod/cobblebattle/net/BattleServerClient.java","待逐文件审查","审查并按业务链路重构","待验证","待建立对应关系","B3-transport基线16项通过，网络2项通过","补充重连/异常分支及集成验证","B3-transport","","0ECF5795C900D564F62CA45E43E343CD32BACC4DF4B2599716205EAB4E12DFD4"
"src/main/java/xiaocaoawa/minecraft/mod/cobblebattle/net/Protocol.java","待逐文件审查","审查并按业务链路重构","待审查","待建立对应关系","基线全量编译通过；无行为测试","审查、实施、行为验证","baseline-local-20260914","","51E6DB769A0762381C9A0B38638FB3A02543255E1DE73138DA75C56D595565A1"
"src/main/java/xiaocaoawa/minecraft/mod/cobblebattle/network/AuthResultPayload.java","待逐文件审查","审查并按业务链路重构","待审查","待建立对应关系","基线全量编译通过；无行为测试","审查、实施、行为验证","baseline-local-20260914","","DB70E6CCB2C0DA289798D06E33B9776CD06A1E3121ED065B37B458B8F5A3C819"
"src/main/java/xiaocaoawa/minecraft/mod/cobblebattle/network/ChatLinePayload.java","待逐文件审查","审查并按业务链路重构","待审查","待建立对应关系","基线全量编译通过；无行为测试","审查、实施、行为验证","baseline-local-20260914","","5B9E580C3760910E1AAAAD5623488D6BB1DD7016E1BF3083B990AEDC79C660F5"
"src/main/java/xiaocaoawa/minecraft/mod/cobblebattle/network/ChatStatePayload.java","待逐文件审查","审查并按业务链路重构","待审查","待建立对应关系","基线全量编译通过；无行为测试","审查、实施、行为验证","baseline-local-20260914","","357B908F495985BFEE077C91FB5CD1F5396B2F9D6FBFE4626A53BADAEBA20EEA"
"src/main/java/xiaocaoawa/minecraft/mod/cobblebattle/network/CobbleBattleNetwork.java","待逐文件审查","审查并按业务链路重构","待审查","待建立对应关系","基线全量编译通过；无行为测试","审查、实施、行为验证","baseline-local-20260914","","8C6A304E9BB69509D40E03515833A060FA939C6720797723A83C561ADE1F3E6B"
"src/main/java/xiaocaoawa/minecraft/mod/cobblebattle/network/LeaderboardPayload.java","待逐文件审查","审查并按业务链路重构","待审查","待建立对应关系","基线全量编译通过；无行为测试","审查、实施、行为验证","baseline-local-20260914","","04BB955B7CF238566112F8082381F556E50B272DCBEC07D4C27372071F8D21A0"
"src/main/java/xiaocaoawa/minecraft/mod/cobblebattle/network/MenuActionPayload.java","待逐文件审查","审查并按业务链路重构","待审查","待建立对应关系","基线全量编译通过；无行为测试","审查、实施、行为验证","baseline-local-20260914","","4DCAF9B39E7189998BB8D51FB0701C49602737ADE288D9471B3EC503E1D3D077"
"src/main/java/xiaocaoawa/minecraft/mod/cobblebattle/network/OpenAuthScreenPayload.java","待逐文件审查","审查并按业务链路重构","待审查","待建立对应关系","基线全量编译通过；无行为测试","审查、实施、行为验证","baseline-local-20260914","","9F42D3DA5C53E8F6B4F3024B563EAB72D8CE880BAEBFC23A22F6EF19D5398490"
"src/main/java/xiaocaoawa/minecraft/mod/cobblebattle/network/OpenMainMenuPayload.java","待逐文件审查","审查并按业务链路重构","待审查","待建立对应关系","基线全量编译通过；无行为测试","审查、实施、行为验证","baseline-local-20260914","","01CDA5B5660CB1252EB893ADF77F89768ABE90CE3EFA5E93251F25EA781C9C3C"
"src/main/java/xiaocaoawa/minecraft/mod/cobblebattle/network/OpenPagePayload.java","待逐文件审查","审查并按业务链路重构","待审查","待建立对应关系","基线全量编译通过；无行为测试","审查、实施、行为验证","baseline-local-20260914","","4D487B4C346B411327CA22BD6F311D34F495B788C54097F1C4A6574820311A30"
"src/main/java/xiaocaoawa/minecraft/mod/cobblebattle/network/RoomActionPayload.java","待逐文件审查","审查并按业务链路重构","待审查","待建立对应关系","基线全量编译通过；无行为测试","审查、实施、行为验证","baseline-local-20260914","","D3952220288B252DC5C6D240D12D1BBE15D967A8CDD4C289023E3886EBA226B0"
"src/main/java/xiaocaoawa/minecraft/mod/cobblebattle/network/RoomListPayload.java","待逐文件审查","审查并按业务链路重构","待审查","待建立对应关系","基线全量编译通过；无行为测试","审查、实施、行为验证","baseline-local-20260914","","B9A2E43AC80790595CE4B018478959114834462EDC2BD9E8A7E3283634FF8C44"
"src/main/java/xiaocaoawa/minecraft/mod/cobblebattle/network/RoomStatePayload.java","待逐文件审查","审查并按业务链路重构","待审查","待建立对应关系","基线全量编译通过；无行为测试","审查、实施、行为验证","baseline-local-20260914","","78A7BF5CE7D05C9BB1EE4F877509885A443252BF74F796CD10968347BF3DC3C1"
"src/main/java/xiaocaoawa/minecraft/mod/cobblebattle/network/SendChatPayload.java","待逐文件审查","审查并按业务链路重构","待审查","待建立对应关系","基线全量编译通过；无行为测试","审查、实施、行为验证","baseline-local-20260914","","850DC10A44253E90DCFB2DC259ACE63F875ED1A1E0C35C70100372AB621BEDDC"
"src/main/java/xiaocaoawa/minecraft/mod/cobblebattle/network/ServerDexPayload.java","待逐文件审查","审查并按业务链路重构","待审查","待建立对应关系","基线全量编译通过；无行为测试","审查、实施、行为验证","baseline-local-20260914","","3B1D14DF7D3BB9B57AB43414FDE98AE54775C196696FDD2E384BE8C2CA49CCD7"
"src/main/java/xiaocaoawa/minecraft/mod/cobblebattle/network/SubmitAuthPayload.java","待逐文件审查","审查并按业务链路重构","待审查","待建立对应关系","基线全量编译通过；无行为测试","审查、实施、行为验证","baseline-local-20260914","","A8831CD2758C95E2A6695C6901831D45E991FA262AF21683FD4CFC3EAA8576C4"
"src/main/java/xiaocaoawa/minecraft/mod/cobblebattle/network/TeamPickPayload.java","待逐文件审查","审查并按业务链路重构","待审查","待建立对应关系","基线全量编译通过；无行为测试","审查、实施、行为验证","baseline-local-20260914","","408E799DAC35594965489A5697BBA042DD7AEB2693629CD1A35FC70F667B63D9"
"src/main/java/xiaocaoawa/minecraft/mod/cobblebattle/network/TeamPreviewPayload.java","待逐文件审查","审查并按业务链路重构","待审查","待建立对应关系","基线全量编译通过；无行为测试","审查、实施、行为验证","baseline-local-20260914","","65614D89FE546B35762069AB51D3CCA903D1A07B1700965EBFAB1D2576059FEF"
"src/main/java/xiaocaoawa/minecraft/mod/cobblebattle/shaded/snakeyaml/DumperOptions.java","第三方 YAML 库","删除复制源码/元数据，改用锁定Maven依赖","已验证","待建立对应关系","16正常文档+2异常文档差分一致；配置回归及最终JAR隔离加载通过","第三方全库行为不属于项目重写范围","B-vendor-chat","build.gradle.kts:bundledLibraries(org.yaml:snakeyaml:2.6)","CCA137FC61052CCFA82486069E12FAC2981CCFCCF06C594872D5120C8D7BD375"
"src/main/java/xiaocaoawa/minecraft/mod/cobblebattle/shaded/snakeyaml/LoaderOptions.java","第三方 YAML 库","删除复制源码/元数据，改用锁定Maven依赖","已验证","待建立对应关系","16正常文档+2异常文档差分一致；配置回归及最终JAR隔离加载通过","第三方全库行为不属于项目重写范围","B-vendor-chat","build.gradle.kts:bundledLibraries(org.yaml:snakeyaml:2.6)","7F79D796D632900039CC1E9A3391DF8E9D7BEF3D1E400BF9146ED55987C7F6F1"
"src/main/java/xiaocaoawa/minecraft/mod/cobblebattle/shaded/snakeyaml/TypeDescription.java","第三方 YAML 库","删除复制源码/元数据，改用锁定Maven依赖","已验证","待建立对应关系","16正常文档+2异常文档差分一致；配置回归及最终JAR隔离加载通过","第三方全库行为不属于项目重写范围","B-vendor-chat","build.gradle.kts:bundledLibraries(org.yaml:snakeyaml:2.6)","F4952CFC2EA9D0344F2087F9A6E45BED6E66BDDDDD6546C7C512EDB795A70440"
"src/main/java/xiaocaoawa/minecraft/mod/cobblebattle/shaded/snakeyaml/Yaml.java","第三方 YAML 库","删除复制源码/元数据，改用锁定Maven依赖","已验证","待建立对应关系","16正常文档+2异常文档差分一致；配置回归及最终JAR隔离加载通过","第三方全库行为不属于项目重写范围","B-vendor-chat","build.gradle.kts:bundledLibraries(org.yaml:snakeyaml:2.6)","015B85346A2C5C819A0218A7FA09F4034DAFDF7CDEE65C0A8778709614D80CE8"
"src/main/java/xiaocaoawa/minecraft/mod/cobblebattle/shaded/snakeyaml/comments/CommentEventsCollector.java","第三方 YAML 库","删除复制源码/元数据，改用锁定Maven依赖","已验证","待建立对应关系","16正常文档+2异常文档差分一致；配置回归及最终JAR隔离加载通过","第三方全库行为不属于项目重写范围","B-vendor-chat","build.gradle.kts:bundledLibraries(org.yaml:snakeyaml:2.6)","E807ADFE3D6833AEA07B6AEE043E35E2952511333A851BDCFE7D9C248846B38F"
"src/main/java/xiaocaoawa/minecraft/mod/cobblebattle/shaded/snakeyaml/comments/CommentLine.java","第三方 YAML 库","删除复制源码/元数据，改用锁定Maven依赖","已验证","待建立对应关系","16正常文档+2异常文档差分一致；配置回归及最终JAR隔离加载通过","第三方全库行为不属于项目重写范围","B-vendor-chat","build.gradle.kts:bundledLibraries(org.yaml:snakeyaml:2.6)","40FC3574E4AC6383EDC2CDAA95C8603A9DF295C020550EDCE1794FDF14E05602"
"src/main/java/xiaocaoawa/minecraft/mod/cobblebattle/shaded/snakeyaml/comments/CommentType.java","第三方 YAML 库","删除复制源码/元数据，改用锁定Maven依赖","已验证","待建立对应关系","16正常文档+2异常文档差分一致；配置回归及最终JAR隔离加载通过","第三方全库行为不属于项目重写范围","B-vendor-chat","build.gradle.kts:bundledLibraries(org.yaml:snakeyaml:2.6)","5EC5F2546E850E8FFBA1F4DF3893A7981AE203898772FC1FAB5D17ACBE6111B0"
"src/main/java/xiaocaoawa/minecraft/mod/cobblebattle/shaded/snakeyaml/composer/Composer.java","第三方 YAML 库","删除复制源码/元数据，改用锁定Maven依赖","已验证","待建立对应关系","16正常文档+2异常文档差分一致；配置回归及最终JAR隔离加载通过","第三方全库行为不属于项目重写范围","B-vendor-chat","build.gradle.kts:bundledLibraries(org.yaml:snakeyaml:2.6)","CC7D89766134BBDF341C2804FD0F4E09D6CF6C3764C3076344E7032073D30C59"
"src/main/java/xiaocaoawa/minecraft/mod/cobblebattle/shaded/snakeyaml/composer/ComposerException.java","第三方 YAML 库","删除复制源码/元数据，改用锁定Maven依赖","已验证","待建立对应关系","16正常文档+2异常文档差分一致；配置回归及最终JAR隔离加载通过","第三方全库行为不属于项目重写范围","B-vendor-chat","build.gradle.kts:bundledLibraries(org.yaml:snakeyaml:2.6)","CCF1FD6F2E641AE2BFAEFA0F7F1DD4C00F9C34F9EDB1CD20749F9034F53DEB15"
"src/main/java/xiaocaoawa/minecraft/mod/cobblebattle/shaded/snakeyaml/constructor/AbstractConstruct.java","第三方 YAML 库","删除复制源码/元数据，改用锁定Maven依赖","已验证","待建立对应关系","16正常文档+2异常文档差分一致；配置回归及最终JAR隔离加载通过","第三方全库行为不属于项目重写范围","B-vendor-chat","build.gradle.kts:bundledLibraries(org.yaml:snakeyaml:2.6)","433FF775C11CC6E21949C3ABA1DA85C105420BE6D0ED9A814CF0A8A1C44DDEE5"
"src/main/java/xiaocaoawa/minecraft/mod/cobblebattle/shaded/snakeyaml/constructor/BaseConstructor.java","第三方 YAML 库","删除复制源码/元数据，改用锁定Maven依赖","已验证","待建立对应关系","16正常文档+2异常文档差分一致；配置回归及最终JAR隔离加载通过","第三方全库行为不属于项目重写范围","B-vendor-chat","build.gradle.kts:bundledLibraries(org.yaml:snakeyaml:2.6)","AF1625E8288AF668F74F9842D93C69E9F660FA87D368F448E57A3E322CD89006"
"src/main/java/xiaocaoawa/minecraft/mod/cobblebattle/shaded/snakeyaml/constructor/Construct.java","第三方 YAML 库","删除复制源码/元数据，改用锁定Maven依赖","已验证","待建立对应关系","16正常文档+2异常文档差分一致；配置回归及最终JAR隔离加载通过","第三方全库行为不属于项目重写范围","B-vendor-chat","build.gradle.kts:bundledLibraries(org.yaml:snakeyaml:2.6)","A380B88E8E6EF6CFAB27BC99316D6E38FA0993D6094F92BEB41032224DB223AB"
"src/main/java/xiaocaoawa/minecraft/mod/cobblebattle/shaded/snakeyaml/constructor/Constructor.java","第三方 YAML 库","删除复制源码/元数据，改用锁定Maven依赖","已验证","待建立对应关系","16正常文档+2异常文档差分一致；配置回归及最终JAR隔离加载通过","第三方全库行为不属于项目重写范围","B-vendor-chat","build.gradle.kts:bundledLibraries(org.yaml:snakeyaml:2.6)","CA9534EB8B5FF1B04EA7B43ADEA21293CFA5B37E59F4DDA85EB6A5894EF69359"
"src/main/java/xiaocaoawa/minecraft/mod/cobblebattle/shaded/snakeyaml/constructor/ConstructorException.java","第三方 YAML 库","删除复制源码/元数据，改用锁定Maven依赖","已验证","待建立对应关系","16正常文档+2异常文档差分一致；配置回归及最终JAR隔离加载通过","第三方全库行为不属于项目重写范围","B-vendor-chat","build.gradle.kts:bundledLibraries(org.yaml:snakeyaml:2.6)","D0425E68308A981C4C4A3365A80DDD906CF397A173A3CEA3CF7196A8D9DB9417"
"src/main/java/xiaocaoawa/minecraft/mod/cobblebattle/shaded/snakeyaml/constructor/CustomClassLoaderConstructor.java","第三方 YAML 库","删除复制源码/元数据，改用锁定Maven依赖","已验证","待建立对应关系","16正常文档+2异常文档差分一致；配置回归及最终JAR隔离加载通过","第三方全库行为不属于项目重写范围","B-vendor-chat","build.gradle.kts:bundledLibraries(org.yaml:snakeyaml:2.6)","59B47F20E4566AAD0B31BC4195CAAB0B3E76DC215444327494D4C91E2BAE98AA"
"src/main/java/xiaocaoawa/minecraft/mod/cobblebattle/shaded/snakeyaml/constructor/DuplicateKeyException.java","第三方 YAML 库","删除复制源码/元数据，改用锁定Maven依赖","已验证","待建立对应关系","16正常文档+2异常文档差分一致；配置回归及最终JAR隔离加载通过","第三方全库行为不属于项目重写范围","B-vendor-chat","build.gradle.kts:bundledLibraries(org.yaml:snakeyaml:2.6)","64F7AA2F11EFDA8344DA91B0248548DF79F6DB23AA06762A9C9115A5A24A7964"
"src/main/java/xiaocaoawa/minecraft/mod/cobblebattle/shaded/snakeyaml/constructor/SafeConstructor.java","第三方 YAML 库","删除复制源码/元数据，改用锁定Maven依赖","已验证","待建立对应关系","16正常文档+2异常文档差分一致；配置回归及最终JAR隔离加载通过","第三方全库行为不属于项目重写范围","B-vendor-chat","build.gradle.kts:bundledLibraries(org.yaml:snakeyaml:2.6)","B4F97C9982F6C3B3359A5B7507789EA036AB85355E467660805293B7549C1712"
"src/main/java/xiaocaoawa/minecraft/mod/cobblebattle/shaded/snakeyaml/emitter/Emitable.java","第三方 YAML 库","删除复制源码/元数据，改用锁定Maven依赖","已验证","待建立对应关系","16正常文档+2异常文档差分一致；配置回归及最终JAR隔离加载通过","第三方全库行为不属于项目重写范围","B-vendor-chat","build.gradle.kts:bundledLibraries(org.yaml:snakeyaml:2.6)","87B68BDBAC78D4027C123AC2494AEC9EE04D252842E0C9F44D47E1AE16B26265"
"src/main/java/xiaocaoawa/minecraft/mod/cobblebattle/shaded/snakeyaml/emitter/Emitter.java","第三方 YAML 库","删除复制源码/元数据，改用锁定Maven依赖","已验证","待建立对应关系","16正常文档+2异常文档差分一致；配置回归及最终JAR隔离加载通过","第三方全库行为不属于项目重写范围","B-vendor-chat","build.gradle.kts:bundledLibraries(org.yaml:snakeyaml:2.6)","0A37058E4A0E8325DE18A90969A98086302A6E717AC176BFF49B9C9A7440C89E"
"src/main/java/xiaocaoawa/minecraft/mod/cobblebattle/shaded/snakeyaml/emitter/EmitterException.java","第三方 YAML 库","删除复制源码/元数据，改用锁定Maven依赖","已验证","待建立对应关系","16正常文档+2异常文档差分一致；配置回归及最终JAR隔离加载通过","第三方全库行为不属于项目重写范围","B-vendor-chat","build.gradle.kts:bundledLibraries(org.yaml:snakeyaml:2.6)","235DCF423C2BE3A11E303838511D6934C8F3A12286EC3F87AEFAAB0478E04A0E"
"src/main/java/xiaocaoawa/minecraft/mod/cobblebattle/shaded/snakeyaml/emitter/EmitterState.java","第三方 YAML 库","删除复制源码/元数据，改用锁定Maven依赖","已验证","待建立对应关系","16正常文档+2异常文档差分一致；配置回归及最终JAR隔离加载通过","第三方全库行为不属于项目重写范围","B-vendor-chat","build.gradle.kts:bundledLibraries(org.yaml:snakeyaml:2.6)","BFBC91D47CDB5ADD2A9FFFAB27988661C3DE9EA30038FE8C0494CA1867779052"
"src/main/java/xiaocaoawa/minecraft/mod/cobblebattle/shaded/snakeyaml/emitter/ScalarAnalysis.java","第三方 YAML 库","删除复制源码/元数据，改用锁定Maven依赖","已验证","待建立对应关系","16正常文档+2异常文档差分一致；配置回归及最终JAR隔离加载通过","第三方全库行为不属于项目重写范围","B-vendor-chat","build.gradle.kts:bundledLibraries(org.yaml:snakeyaml:2.6)","49774FD000A3AACADE5189E56441FC27D25DE245AAD25EA498FBE674D09C4E45"
"src/main/java/xiaocaoawa/minecraft/mod/cobblebattle/shaded/snakeyaml/env/EnvScalarConstructor.java","第三方 YAML 库","删除复制源码/元数据，改用锁定Maven依赖","已验证","待建立对应关系","16正常文档+2异常文档差分一致；配置回归及最终JAR隔离加载通过","第三方全库行为不属于项目重写范围","B-vendor-chat","build.gradle.kts:bundledLibraries(org.yaml:snakeyaml:2.6)","0FD1AAD49CF0AC578D3A843DE03C850BFF40D8C27FD06C70BA28066BBE1A384D"
"src/main/java/xiaocaoawa/minecraft/mod/cobblebattle/shaded/snakeyaml/error/Mark.java","第三方 YAML 库","删除复制源码/元数据，改用锁定Maven依赖","已验证","待建立对应关系","16正常文档+2异常文档差分一致；配置回归及最终JAR隔离加载通过","第三方全库行为不属于项目重写范围","B-vendor-chat","build.gradle.kts:bundledLibraries(org.yaml:snakeyaml:2.6)","8485F27F3810BC0AF90F6ECF86C496FB311E4A173449A20DAA118382C755EAE7"
"src/main/java/xiaocaoawa/minecraft/mod/cobblebattle/shaded/snakeyaml/error/MarkedYAMLException.java","第三方 YAML 库","删除复制源码/元数据，改用锁定Maven依赖","已验证","待建立对应关系","16正常文档+2异常文档差分一致；配置回归及最终JAR隔离加载通过","第三方全库行为不属于项目重写范围","B-vendor-chat","build.gradle.kts:bundledLibraries(org.yaml:snakeyaml:2.6)","C6BBF5CD20D9F5C4163C2E9A7440942FC1D9F7005FD2563C3AE42584CA1BDBA8"
"src/main/java/xiaocaoawa/minecraft/mod/cobblebattle/shaded/snakeyaml/error/MissingEnvironmentVariableException.java","第三方 YAML 库","删除复制源码/元数据，改用锁定Maven依赖","已验证","待建立对应关系","16正常文档+2异常文档差分一致；配置回归及最终JAR隔离加载通过","第三方全库行为不属于项目重写范围","B-vendor-chat","build.gradle.kts:bundledLibraries(org.yaml:snakeyaml:2.6)","DAB469002E8D8527297A2A298CA744578F776ADF916BA8C46355A3CF744258CA"
"src/main/java/xiaocaoawa/minecraft/mod/cobblebattle/shaded/snakeyaml/error/YAMLException.java","第三方 YAML 库","删除复制源码/元数据，改用锁定Maven依赖","已验证","待建立对应关系","16正常文档+2异常文档差分一致；配置回归及最终JAR隔离加载通过","第三方全库行为不属于项目重写范围","B-vendor-chat","build.gradle.kts:bundledLibraries(org.yaml:snakeyaml:2.6)","A3FB1E994BA33B6A7BEBABD08712E0E4FDAEAC8B6E7C3D1620630E2E508EEEE5"
"src/main/java/xiaocaoawa/minecraft/mod/cobblebattle/shaded/snakeyaml/events/AliasEvent.java","第三方 YAML 库","删除复制源码/元数据，改用锁定Maven依赖","已验证","待建立对应关系","16正常文档+2异常文档差分一致；配置回归及最终JAR隔离加载通过","第三方全库行为不属于项目重写范围","B-vendor-chat","build.gradle.kts:bundledLibraries(org.yaml:snakeyaml:2.6)","FB8925F087060F1D2D45F46A1CDC282A2D005AD6CC5B045DA68ABC4AA090AD82"
"src/main/java/xiaocaoawa/minecraft/mod/cobblebattle/shaded/snakeyaml/events/CollectionEndEvent.java","第三方 YAML 库","删除复制源码/元数据，改用锁定Maven依赖","已验证","待建立对应关系","16正常文档+2异常文档差分一致；配置回归及最终JAR隔离加载通过","第三方全库行为不属于项目重写范围","B-vendor-chat","build.gradle.kts:bundledLibraries(org.yaml:snakeyaml:2.6)","C9EADE03218B998C681631A93AF4E386E5338B2B7A5904E449F9496F7EE627C2"
"src/main/java/xiaocaoawa/minecraft/mod/cobblebattle/shaded/snakeyaml/events/CollectionStartEvent.java","第三方 YAML 库","删除复制源码/元数据，改用锁定Maven依赖","已验证","待建立对应关系","16正常文档+2异常文档差分一致；配置回归及最终JAR隔离加载通过","第三方全库行为不属于项目重写范围","B-vendor-chat","build.gradle.kts:bundledLibraries(org.yaml:snakeyaml:2.6)","BEC87B72A777D090308CD82A71CAD93B45F2B0BDE2AC890B4022FE33351E9F77"
"src/main/java/xiaocaoawa/minecraft/mod/cobblebattle/shaded/snakeyaml/events/CommentEvent.java","第三方 YAML 库","删除复制源码/元数据，改用锁定Maven依赖","已验证","待建立对应关系","16正常文档+2异常文档差分一致；配置回归及最终JAR隔离加载通过","第三方全库行为不属于项目重写范围","B-vendor-chat","build.gradle.kts:bundledLibraries(org.yaml:snakeyaml:2.6)","760EFA5336C9384CCE710ED6E590BC7C36CC2C366DD020359522822E58070FA5"
"src/main/java/xiaocaoawa/minecraft/mod/cobblebattle/shaded/snakeyaml/events/DocumentEndEvent.java","第三方 YAML 库","删除复制源码/元数据，改用锁定Maven依赖","已验证","待建立对应关系","16正常文档+2异常文档差分一致；配置回归及最终JAR隔离加载通过","第三方全库行为不属于项目重写范围","B-vendor-chat","build.gradle.kts:bundledLibraries(org.yaml:snakeyaml:2.6)","4E7CDE96BEB1EA7AE2945A0966586557CDD6573C6E821FE7666F0DF723D6E9DD"
"src/main/java/xiaocaoawa/minecraft/mod/cobblebattle/shaded/snakeyaml/events/DocumentStartEvent.java","第三方 YAML 库","删除复制源码/元数据，改用锁定Maven依赖","已验证","待建立对应关系","16正常文档+2异常文档差分一致；配置回归及最终JAR隔离加载通过","第三方全库行为不属于项目重写范围","B-vendor-chat","build.gradle.kts:bundledLibraries(org.yaml:snakeyaml:2.6)","D395C65D9917EB4D1D92D88A891BD3BD79EC0E21645179B891C01DC7F95887B6"
"src/main/java/xiaocaoawa/minecraft/mod/cobblebattle/shaded/snakeyaml/events/Event.java","第三方 YAML 库","删除复制源码/元数据，改用锁定Maven依赖","已验证","待建立对应关系","16正常文档+2异常文档差分一致；配置回归及最终JAR隔离加载通过","第三方全库行为不属于项目重写范围","B-vendor-chat","build.gradle.kts:bundledLibraries(org.yaml:snakeyaml:2.6)","AD3EAFA469939C7227FCDA60F87C3C1FEAAE2F0677BEB4425C2CA687F258EF10"
"src/main/java/xiaocaoawa/minecraft/mod/cobblebattle/shaded/snakeyaml/events/ImplicitTuple.java","第三方 YAML 库","删除复制源码/元数据，改用锁定Maven依赖","已验证","待建立对应关系","16正常文档+2异常文档差分一致；配置回归及最终JAR隔离加载通过","第三方全库行为不属于项目重写范围","B-vendor-chat","build.gradle.kts:bundledLibraries(org.yaml:snakeyaml:2.6)","907A2E251A7778558CC2081D74CE8EEFD700B07797D217FAF75BA41D511525A3"
"src/main/java/xiaocaoawa/minecraft/mod/cobblebattle/shaded/snakeyaml/events/MappingEndEvent.java","第三方 YAML 库","删除复制源码/元数据，改用锁定Maven依赖","已验证","待建立对应关系","16正常文档+2异常文档差分一致；配置回归及最终JAR隔离加载通过","第三方全库行为不属于项目重写范围","B-vendor-chat","build.gradle.kts:bundledLibraries(org.yaml:snakeyaml:2.6)","5E0C918E940F2F096BDFAA45066DC85D2F0BED2DE7EDBFFAAF925A6C4D0556BB"
"src/main/java/xiaocaoawa/minecraft/mod/cobblebattle/shaded/snakeyaml/events/MappingStartEvent.java","第三方 YAML 库","删除复制源码/元数据，改用锁定Maven依赖","已验证","待建立对应关系","16正常文档+2异常文档差分一致；配置回归及最终JAR隔离加载通过","第三方全库行为不属于项目重写范围","B-vendor-chat","build.gradle.kts:bundledLibraries(org.yaml:snakeyaml:2.6)","279585BF303E84FD18F71B5B26E78F31546469DCED952A2B057C9D069EB0B967"
"src/main/java/xiaocaoawa/minecraft/mod/cobblebattle/shaded/snakeyaml/events/NodeEvent.java","第三方 YAML 库","删除复制源码/元数据，改用锁定Maven依赖","已验证","待建立对应关系","16正常文档+2异常文档差分一致；配置回归及最终JAR隔离加载通过","第三方全库行为不属于项目重写范围","B-vendor-chat","build.gradle.kts:bundledLibraries(org.yaml:snakeyaml:2.6)","8EF1F3D91C69479C0CB5285DA906F6AD4E8E20724901066BB71DB06D392E954D"
"src/main/java/xiaocaoawa/minecraft/mod/cobblebattle/shaded/snakeyaml/events/ScalarEvent.java","第三方 YAML 库","删除复制源码/元数据，改用锁定Maven依赖","已验证","待建立对应关系","16正常文档+2异常文档差分一致；配置回归及最终JAR隔离加载通过","第三方全库行为不属于项目重写范围","B-vendor-chat","build.gradle.kts:bundledLibraries(org.yaml:snakeyaml:2.6)","AC3B45D38BD64B5A118C5BB12BD14A1EA252EE2693A5728B527277DBD58A1C61"
"src/main/java/xiaocaoawa/minecraft/mod/cobblebattle/shaded/snakeyaml/events/SequenceEndEvent.java","第三方 YAML 库","删除复制源码/元数据，改用锁定Maven依赖","已验证","待建立对应关系","16正常文档+2异常文档差分一致；配置回归及最终JAR隔离加载通过","第三方全库行为不属于项目重写范围","B-vendor-chat","build.gradle.kts:bundledLibraries(org.yaml:snakeyaml:2.6)","4020FE9BAF5D3892E2D9BDCF85047FA89BFBFB5FF8CB838584584897A7019A33"
"src/main/java/xiaocaoawa/minecraft/mod/cobblebattle/shaded/snakeyaml/events/SequenceStartEvent.java","第三方 YAML 库","删除复制源码/元数据，改用锁定Maven依赖","已验证","待建立对应关系","16正常文档+2异常文档差分一致；配置回归及最终JAR隔离加载通过","第三方全库行为不属于项目重写范围","B-vendor-chat","build.gradle.kts:bundledLibraries(org.yaml:snakeyaml:2.6)","363E6CBB94392145AAEB62CCB07F91F8992FBEC785793632663AB616B9D6966C"
"src/main/java/xiaocaoawa/minecraft/mod/cobblebattle/shaded/snakeyaml/events/StreamEndEvent.java","第三方 YAML 库","删除复制源码/元数据，改用锁定Maven依赖","已验证","待建立对应关系","16正常文档+2异常文档差分一致；配置回归及最终JAR隔离加载通过","第三方全库行为不属于项目重写范围","B-vendor-chat","build.gradle.kts:bundledLibraries(org.yaml:snakeyaml:2.6)","E40D76B34036E5A3969688543700E2C0D671404C3746F994521BE691CF434661"
"src/main/java/xiaocaoawa/minecraft/mod/cobblebattle/shaded/snakeyaml/events/StreamStartEvent.java","第三方 YAML 库","删除复制源码/元数据，改用锁定Maven依赖","已验证","待建立对应关系","16正常文档+2异常文档差分一致；配置回归及最终JAR隔离加载通过","第三方全库行为不属于项目重写范围","B-vendor-chat","build.gradle.kts:bundledLibraries(org.yaml:snakeyaml:2.6)","DE54F039AD305D08F4AAC3C0B8762D4B6F6280BB2DE99B447CD4798C013D2196"
"src/main/java/xiaocaoawa/minecraft/mod/cobblebattle/shaded/snakeyaml/extensions/compactnotation/CompactConstructor.java","第三方 YAML 库","删除复制源码/元数据，改用锁定Maven依赖","已验证","待建立对应关系","16正常文档+2异常文档差分一致；配置回归及最终JAR隔离加载通过","第三方全库行为不属于项目重写范围","B-vendor-chat","build.gradle.kts:bundledLibraries(org.yaml:snakeyaml:2.6)","38DBD6243F617999F012C7F684FC079F7562E68599EDE58F4320AE5341E089B6"
"src/main/java/xiaocaoawa/minecraft/mod/cobblebattle/shaded/snakeyaml/extensions/compactnotation/CompactData.java","第三方 YAML 库","删除复制源码/元数据，改用锁定Maven依赖","已验证","待建立对应关系","16正常文档+2异常文档差分一致；配置回归及最终JAR隔离加载通过","第三方全库行为不属于项目重写范围","B-vendor-chat","build.gradle.kts:bundledLibraries(org.yaml:snakeyaml:2.6)","83505A91DF843667A8B79B55786693C0B210729160D3DC1FD0DF91F776FFF4E2"
"src/main/java/xiaocaoawa/minecraft/mod/cobblebattle/shaded/snakeyaml/extensions/compactnotation/PackageCompactConstructor.java","第三方 YAML 库","删除复制源码/元数据，改用锁定Maven依赖","已验证","待建立对应关系","16正常文档+2异常文档差分一致；配置回归及最终JAR隔离加载通过","第三方全库行为不属于项目重写范围","B-vendor-chat","build.gradle.kts:bundledLibraries(org.yaml:snakeyaml:2.6)","B8EE708A4245784C3C6D409644535AD9A7D4728AF7B4D36A95573D92708FE302"
"src/main/java/xiaocaoawa/minecraft/mod/cobblebattle/shaded/snakeyaml/external/com/google/gdata/util/common/base/Escaper.java","第三方 YAML 库","删除复制源码/元数据，改用锁定Maven依赖","已验证","待建立对应关系","16正常文档+2异常文档差分一致；配置回归及最终JAR隔离加载通过","第三方全库行为不属于项目重写范围","B-vendor-chat","build.gradle.kts:bundledLibraries(org.yaml:snakeyaml:2.6)","8EB96D2DB20D8B437FC1F625D7EE5D64B21BCDE864F22BAC7F0802BF5F9AE0F4"
"src/main/java/xiaocaoawa/minecraft/mod/cobblebattle/shaded/snakeyaml/external/com/google/gdata/util/common/base/PercentEscaper.java","第三方 YAML 库","删除复制源码/元数据，改用锁定Maven依赖","已验证","待建立对应关系","16正常文档+2异常文档差分一致；配置回归及最终JAR隔离加载通过","第三方全库行为不属于项目重写范围","B-vendor-chat","build.gradle.kts:bundledLibraries(org.yaml:snakeyaml:2.6)","9A86EA0212172D03EF4BED763B64AEC20E20F579E4EAA6D297463200A3EBD630"
"src/main/java/xiaocaoawa/minecraft/mod/cobblebattle/shaded/snakeyaml/external/com/google/gdata/util/common/base/UnicodeEscaper.java","第三方 YAML 库","删除复制源码/元数据，改用锁定Maven依赖","已验证","待建立对应关系","16正常文档+2异常文档差分一致；配置回归及最终JAR隔离加载通过","第三方全库行为不属于项目重写范围","B-vendor-chat","build.gradle.kts:bundledLibraries(org.yaml:snakeyaml:2.6)","7475BE605A17012BF369F2E398A6797DD0E63A117979350F8575C2FB6C39073D"
"src/main/java/xiaocaoawa/minecraft/mod/cobblebattle/shaded/snakeyaml/inspector/TagInspector.java","第三方 YAML 库","删除复制源码/元数据，改用锁定Maven依赖","已验证","待建立对应关系","16正常文档+2异常文档差分一致；配置回归及最终JAR隔离加载通过","第三方全库行为不属于项目重写范围","B-vendor-chat","build.gradle.kts:bundledLibraries(org.yaml:snakeyaml:2.6)","054A604779912ED8B6B77F0280481AD5213A532A1505C7789CBC2753482B6AE5"
"src/main/java/xiaocaoawa/minecraft/mod/cobblebattle/shaded/snakeyaml/inspector/UnTrustedTagInspector.java","第三方 YAML 库","删除复制源码/元数据，改用锁定Maven依赖","已验证","待建立对应关系","16正常文档+2异常文档差分一致；配置回归及最终JAR隔离加载通过","第三方全库行为不属于项目重写范围","B-vendor-chat","build.gradle.kts:bundledLibraries(org.yaml:snakeyaml:2.6)","0305FE8E07A7FB4540502FBDCD93E9B5C70D6F8D7951B10E71283A82588D16CD"
"src/main/java/xiaocaoawa/minecraft/mod/cobblebattle/shaded/snakeyaml/internal/Logger.java","第三方 YAML 库","删除复制源码/元数据，改用锁定Maven依赖","已验证","待建立对应关系","16正常文档+2异常文档差分一致；配置回归及最终JAR隔离加载通过","第三方全库行为不属于项目重写范围","B-vendor-chat","build.gradle.kts:bundledLibraries(org.yaml:snakeyaml:2.6)","F2D7E5708AB32CD0AA89D07AA10718F60D346CB75902341CB651AECC628BC950"
"src/main/java/xiaocaoawa/minecraft/mod/cobblebattle/shaded/snakeyaml/introspector/BeanAccess.java","第三方 YAML 库","删除复制源码/元数据，改用锁定Maven依赖","已验证","待建立对应关系","16正常文档+2异常文档差分一致；配置回归及最终JAR隔离加载通过","第三方全库行为不属于项目重写范围","B-vendor-chat","build.gradle.kts:bundledLibraries(org.yaml:snakeyaml:2.6)","AF9CA194EF1791174E008B81C4AE2AA7CC12D03FF616D6023F0CB4C2386821B9"
"src/main/java/xiaocaoawa/minecraft/mod/cobblebattle/shaded/snakeyaml/introspector/FieldProperty.java","第三方 YAML 库","删除复制源码/元数据，改用锁定Maven依赖","已验证","待建立对应关系","16正常文档+2异常文档差分一致；配置回归及最终JAR隔离加载通过","第三方全库行为不属于项目重写范围","B-vendor-chat","build.gradle.kts:bundledLibraries(org.yaml:snakeyaml:2.6)","A91F61F771F9E10305095B889071A075702D711608C516A31701117B2C543476"
"src/main/java/xiaocaoawa/minecraft/mod/cobblebattle/shaded/snakeyaml/introspector/GenericProperty.java","第三方 YAML 库","删除复制源码/元数据，改用锁定Maven依赖","已验证","待建立对应关系","16正常文档+2异常文档差分一致；配置回归及最终JAR隔离加载通过","第三方全库行为不属于项目重写范围","B-vendor-chat","build.gradle.kts:bundledLibraries(org.yaml:snakeyaml:2.6)","E9136F7A1477C3BC1C73FC02B3197F9340459027A48804A35C862E34419E9534"
"src/main/java/xiaocaoawa/minecraft/mod/cobblebattle/shaded/snakeyaml/introspector/MethodProperty.java","第三方 YAML 库","删除复制源码/元数据，改用锁定Maven依赖","已验证","待建立对应关系","16正常文档+2异常文档差分一致；配置回归及最终JAR隔离加载通过","第三方全库行为不属于项目重写范围","B-vendor-chat","build.gradle.kts:bundledLibraries(org.yaml:snakeyaml:2.6)","AC508B2205E794B100A3F21A1FC67FA213711224100C33C365313081B0F78F9C"
"src/main/java/xiaocaoawa/minecraft/mod/cobblebattle/shaded/snakeyaml/introspector/MissingProperty.java","第三方 YAML 库","删除复制源码/元数据，改用锁定Maven依赖","已验证","待建立对应关系","16正常文档+2异常文档差分一致；配置回归及最终JAR隔离加载通过","第三方全库行为不属于项目重写范围","B-vendor-chat","build.gradle.kts:bundledLibraries(org.yaml:snakeyaml:2.6)","F2A4D9FFC342CDE648430A3B657EB50C83293555829601CB03CCF14708E81402"
"src/main/java/xiaocaoawa/minecraft/mod/cobblebattle/shaded/snakeyaml/introspector/Property.java","第三方 YAML 库","删除复制源码/元数据，改用锁定Maven依赖","已验证","待建立对应关系","16正常文档+2异常文档差分一致；配置回归及最终JAR隔离加载通过","第三方全库行为不属于项目重写范围","B-vendor-chat","build.gradle.kts:bundledLibraries(org.yaml:snakeyaml:2.6)","D693D0001436C75BBD0C95C2D501FAACDCCAA19B80A2847DED91C89EC08360A1"
"src/main/java/xiaocaoawa/minecraft/mod/cobblebattle/shaded/snakeyaml/introspector/PropertySubstitute.java","第三方 YAML 库","删除复制源码/元数据，改用锁定Maven依赖","已验证","待建立对应关系","16正常文档+2异常文档差分一致；配置回归及最终JAR隔离加载通过","第三方全库行为不属于项目重写范围","B-vendor-chat","build.gradle.kts:bundledLibraries(org.yaml:snakeyaml:2.6)","B936AF52B707A2C462754B95940BF78C354ED09B9CEE12FDE9F1EDA2EE3BD62A"
"src/main/java/xiaocaoawa/minecraft/mod/cobblebattle/shaded/snakeyaml/introspector/PropertyUtils.java","第三方 YAML 库","删除复制源码/元数据，改用锁定Maven依赖","已验证","待建立对应关系","16正常文档+2异常文档差分一致；配置回归及最终JAR隔离加载通过","第三方全库行为不属于项目重写范围","B-vendor-chat","build.gradle.kts:bundledLibraries(org.yaml:snakeyaml:2.6)","90C5D2974FB4B288FE982D0350E9F9955580EE919D56B231447EB5BB37C2FCBD"
"src/main/java/xiaocaoawa/minecraft/mod/cobblebattle/shaded/snakeyaml/nodes/AnchorNode.java","第三方 YAML 库","删除复制源码/元数据，改用锁定Maven依赖","已验证","待建立对应关系","16正常文档+2异常文档差分一致；配置回归及最终JAR隔离加载通过","第三方全库行为不属于项目重写范围","B-vendor-chat","build.gradle.kts:bundledLibraries(org.yaml:snakeyaml:2.6)","0514958224DF7516D0D6BD9E4360E0FEEAF0C2B1E3086AB6F9A666A44BC64A58"
"src/main/java/xiaocaoawa/minecraft/mod/cobblebattle/shaded/snakeyaml/nodes/CollectionNode.java","第三方 YAML 库","删除复制源码/元数据，改用锁定Maven依赖","已验证","待建立对应关系","16正常文档+2异常文档差分一致；配置回归及最终JAR隔离加载通过","第三方全库行为不属于项目重写范围","B-vendor-chat","build.gradle.kts:bundledLibraries(org.yaml:snakeyaml:2.6)","C1570EC930A6E16261ED0A179FF5EDA2AA5EA5F3F10E9FECF1C6DBEEE14A05B5"
"src/main/java/xiaocaoawa/minecraft/mod/cobblebattle/shaded/snakeyaml/nodes/MappingNode.java","第三方 YAML 库","删除复制源码/元数据，改用锁定Maven依赖","已验证","待建立对应关系","16正常文档+2异常文档差分一致；配置回归及最终JAR隔离加载通过","第三方全库行为不属于项目重写范围","B-vendor-chat","build.gradle.kts:bundledLibraries(org.yaml:snakeyaml:2.6)","B89828A73DD026734CC0B408CB83867C58FEA617104590AC4006796E55CB83DB"
"src/main/java/xiaocaoawa/minecraft/mod/cobblebattle/shaded/snakeyaml/nodes/Node.java","第三方 YAML 库","删除复制源码/元数据，改用锁定Maven依赖","已验证","待建立对应关系","16正常文档+2异常文档差分一致；配置回归及最终JAR隔离加载通过","第三方全库行为不属于项目重写范围","B-vendor-chat","build.gradle.kts:bundledLibraries(org.yaml:snakeyaml:2.6)","988ADAC2C40AB415C67ACE7D262481B3F79E5A20EB0E8E73477906700F6C9509"
"src/main/java/xiaocaoawa/minecraft/mod/cobblebattle/shaded/snakeyaml/nodes/NodeId.java","第三方 YAML 库","删除复制源码/元数据，改用锁定Maven依赖","已验证","待建立对应关系","16正常文档+2异常文档差分一致；配置回归及最终JAR隔离加载通过","第三方全库行为不属于项目重写范围","B-vendor-chat","build.gradle.kts:bundledLibraries(org.yaml:snakeyaml:2.6)","097CD508C3F2394D75AE6EB6D450E232B5A261496E3F66322AE3FAFC669D0F47"
"src/main/java/xiaocaoawa/minecraft/mod/cobblebattle/shaded/snakeyaml/nodes/NodeTuple.java","第三方 YAML 库","删除复制源码/元数据，改用锁定Maven依赖","已验证","待建立对应关系","16正常文档+2异常文档差分一致；配置回归及最终JAR隔离加载通过","第三方全库行为不属于项目重写范围","B-vendor-chat","build.gradle.kts:bundledLibraries(org.yaml:snakeyaml:2.6)","9B24A13E7078F6C1008CA85F3361C2F1986EECDFD61B7EE8BE0D4F00BA1AABC3"
"src/main/java/xiaocaoawa/minecraft/mod/cobblebattle/shaded/snakeyaml/nodes/ScalarNode.java","第三方 YAML 库","删除复制源码/元数据，改用锁定Maven依赖","已验证","待建立对应关系","16正常文档+2异常文档差分一致；配置回归及最终JAR隔离加载通过","第三方全库行为不属于项目重写范围","B-vendor-chat","build.gradle.kts:bundledLibraries(org.yaml:snakeyaml:2.6)","F9E773A4F24FFC33E3A7D8EB64DE5EA087B85ED0F28EE08D33B924885BA8E8E7"
"src/main/java/xiaocaoawa/minecraft/mod/cobblebattle/shaded/snakeyaml/nodes/SequenceNode.java","第三方 YAML 库","删除复制源码/元数据，改用锁定Maven依赖","已验证","待建立对应关系","16正常文档+2异常文档差分一致；配置回归及最终JAR隔离加载通过","第三方全库行为不属于项目重写范围","B-vendor-chat","build.gradle.kts:bundledLibraries(org.yaml:snakeyaml:2.6)","FC54503C75F8A4CD629AEEE2C5984700A10C3F20C19573CE87E079DF64985505"
"src/main/java/xiaocaoawa/minecraft/mod/cobblebattle/shaded/snakeyaml/nodes/Tag.java","第三方 YAML 库","删除复制源码/元数据，改用锁定Maven依赖","已验证","待建立对应关系","16正常文档+2异常文档差分一致；配置回归及最终JAR隔离加载通过","第三方全库行为不属于项目重写范围","B-vendor-chat","build.gradle.kts:bundledLibraries(org.yaml:snakeyaml:2.6)","6B4A083E1E49D81280267B237ADF1906D87E1B6FDC6DCD3D34C2B7E63C6BF187"
"src/main/java/xiaocaoawa/minecraft/mod/cobblebattle/shaded/snakeyaml/parser/Parser.java","第三方 YAML 库","删除复制源码/元数据，改用锁定Maven依赖","已验证","待建立对应关系","16正常文档+2异常文档差分一致；配置回归及最终JAR隔离加载通过","第三方全库行为不属于项目重写范围","B-vendor-chat","build.gradle.kts:bundledLibraries(org.yaml:snakeyaml:2.6)","46985B0A676C7785BCF7297E69DF38D0683F9565B3F2773FB26590D48097D14D"
"src/main/java/xiaocaoawa/minecraft/mod/cobblebattle/shaded/snakeyaml/parser/ParserException.java","第三方 YAML 库","删除复制源码/元数据，改用锁定Maven依赖","已验证","待建立对应关系","16正常文档+2异常文档差分一致；配置回归及最终JAR隔离加载通过","第三方全库行为不属于项目重写范围","B-vendor-chat","build.gradle.kts:bundledLibraries(org.yaml:snakeyaml:2.6)","383D0185ECB6B61D6898F99607EC87483A27D8DCE574A58A1DBD39767C4F70A2"
"src/main/java/xiaocaoawa/minecraft/mod/cobblebattle/shaded/snakeyaml/parser/ParserImpl.java","第三方 YAML 库","删除复制源码/元数据，改用锁定Maven依赖","已验证","待建立对应关系","16正常文档+2异常文档差分一致；配置回归及最终JAR隔离加载通过","第三方全库行为不属于项目重写范围","B-vendor-chat","build.gradle.kts:bundledLibraries(org.yaml:snakeyaml:2.6)","BD2B1B8D165B17FB55E1790DD067F26C0AB56D5C4E78F6A164B301D789D7DBFB"
"src/main/java/xiaocaoawa/minecraft/mod/cobblebattle/shaded/snakeyaml/parser/Production.java","第三方 YAML 库","删除复制源码/元数据，改用锁定Maven依赖","已验证","待建立对应关系","16正常文档+2异常文档差分一致；配置回归及最终JAR隔离加载通过","第三方全库行为不属于项目重写范围","B-vendor-chat","build.gradle.kts:bundledLibraries(org.yaml:snakeyaml:2.6)","BF60A35F904458E42B2C74A2291C34A91D948A35ACD02501F8F78F2514CE118F"
"src/main/java/xiaocaoawa/minecraft/mod/cobblebattle/shaded/snakeyaml/parser/VersionTagsTuple.java","第三方 YAML 库","删除复制源码/元数据，改用锁定Maven依赖","已验证","待建立对应关系","16正常文档+2异常文档差分一致；配置回归及最终JAR隔离加载通过","第三方全库行为不属于项目重写范围","B-vendor-chat","build.gradle.kts:bundledLibraries(org.yaml:snakeyaml:2.6)","E23F3897005563AB6CF58D6768AB9132DB688955412759C618939877CEE1E9D9"
"src/main/java/xiaocaoawa/minecraft/mod/cobblebattle/shaded/snakeyaml/reader/ReaderException.java","第三方 YAML 库","删除复制源码/元数据，改用锁定Maven依赖","已验证","待建立对应关系","16正常文档+2异常文档差分一致；配置回归及最终JAR隔离加载通过","第三方全库行为不属于项目重写范围","B-vendor-chat","build.gradle.kts:bundledLibraries(org.yaml:snakeyaml:2.6)","2F7004BFDBF6189E38D1BBD1B5EACA964FAFC1D5392F9AAC37DDF6CF2465B284"
"src/main/java/xiaocaoawa/minecraft/mod/cobblebattle/shaded/snakeyaml/reader/StreamReader.java","第三方 YAML 库","删除复制源码/元数据，改用锁定Maven依赖","已验证","待建立对应关系","16正常文档+2异常文档差分一致；配置回归及最终JAR隔离加载通过","第三方全库行为不属于项目重写范围","B-vendor-chat","build.gradle.kts:bundledLibraries(org.yaml:snakeyaml:2.6)","17DA4CAC4849DE2862A3B52D39F8229337B319143286BB710EC9A568FAD01E5F"
"src/main/java/xiaocaoawa/minecraft/mod/cobblebattle/shaded/snakeyaml/reader/UnicodeReader.java","第三方 YAML 库","删除复制源码/元数据，改用锁定Maven依赖","已验证","待建立对应关系","16正常文档+2异常文档差分一致；配置回归及最终JAR隔离加载通过","第三方全库行为不属于项目重写范围","B-vendor-chat","build.gradle.kts:bundledLibraries(org.yaml:snakeyaml:2.6)","2A512EF55190BEB1099B1DC7A58EC641FA72BCC09C07D16350E02E6D75F75680"
"src/main/java/xiaocaoawa/minecraft/mod/cobblebattle/shaded/snakeyaml/representer/BaseRepresenter.java","第三方 YAML 库","删除复制源码/元数据，改用锁定Maven依赖","已验证","待建立对应关系","16正常文档+2异常文档差分一致；配置回归及最终JAR隔离加载通过","第三方全库行为不属于项目重写范围","B-vendor-chat","build.gradle.kts:bundledLibraries(org.yaml:snakeyaml:2.6)","E11E7D7DA9A062BD70BC01E8100A66A213467C30C7003BCB059E86C970D52842"
"src/main/java/xiaocaoawa/minecraft/mod/cobblebattle/shaded/snakeyaml/representer/JsonRepresenter.java","第三方 YAML 库","删除复制源码/元数据，改用锁定Maven依赖","已验证","待建立对应关系","16正常文档+2异常文档差分一致；配置回归及最终JAR隔离加载通过","第三方全库行为不属于项目重写范围","B-vendor-chat","build.gradle.kts:bundledLibraries(org.yaml:snakeyaml:2.6)","628BDE4EDEDEA737444474358B010C57744759ED71F13EB8EA0194E67F34E9ED"
"src/main/java/xiaocaoawa/minecraft/mod/cobblebattle/shaded/snakeyaml/representer/Represent.java","第三方 YAML 库","删除复制源码/元数据，改用锁定Maven依赖","已验证","待建立对应关系","16正常文档+2异常文档差分一致；配置回归及最终JAR隔离加载通过","第三方全库行为不属于项目重写范围","B-vendor-chat","build.gradle.kts:bundledLibraries(org.yaml:snakeyaml:2.6)","233635322FBC4F74BF3537C97DD531097CD5EFDF1A8007797DA1A0BD5B98968B"
"src/main/java/xiaocaoawa/minecraft/mod/cobblebattle/shaded/snakeyaml/representer/Representer.java","第三方 YAML 库","删除复制源码/元数据，改用锁定Maven依赖","已验证","待建立对应关系","16正常文档+2异常文档差分一致；配置回归及最终JAR隔离加载通过","第三方全库行为不属于项目重写范围","B-vendor-chat","build.gradle.kts:bundledLibraries(org.yaml:snakeyaml:2.6)","A43AA268610D5102F8BC1AB11E8D43ED95B03942866BA23C8EF4CB689F7E1D59"
"src/main/java/xiaocaoawa/minecraft/mod/cobblebattle/shaded/snakeyaml/representer/SafeRepresenter.java","第三方 YAML 库","删除复制源码/元数据，改用锁定Maven依赖","已验证","待建立对应关系","16正常文档+2异常文档差分一致；配置回归及最终JAR隔离加载通过","第三方全库行为不属于项目重写范围","B-vendor-chat","build.gradle.kts:bundledLibraries(org.yaml:snakeyaml:2.6)","527898F381DB3D3F3458C53B134D2F05118343E414B17A95A7D048DD488C0440"
"src/main/java/xiaocaoawa/minecraft/mod/cobblebattle/shaded/snakeyaml/resolver/Resolver.java","第三方 YAML 库","删除复制源码/元数据，改用锁定Maven依赖","已验证","待建立对应关系","16正常文档+2异常文档差分一致；配置回归及最终JAR隔离加载通过","第三方全库行为不属于项目重写范围","B-vendor-chat","build.gradle.kts:bundledLibraries(org.yaml:snakeyaml:2.6)","747CB61ABD0D1D9E95EA2C0399F9AFDB451D2FF3EEF51350B8C1C794665CBADE"
"src/main/java/xiaocaoawa/minecraft/mod/cobblebattle/shaded/snakeyaml/resolver/ResolverTuple.java","第三方 YAML 库","删除复制源码/元数据，改用锁定Maven依赖","已验证","待建立对应关系","16正常文档+2异常文档差分一致；配置回归及最终JAR隔离加载通过","第三方全库行为不属于项目重写范围","B-vendor-chat","build.gradle.kts:bundledLibraries(org.yaml:snakeyaml:2.6)","C3D4AC4A8D5EF3E24D9846B3DF812662B8061CB0D534797C0AC77D327C8AE8B2"
"src/main/java/xiaocaoawa/minecraft/mod/cobblebattle/shaded/snakeyaml/scanner/Constant.java","第三方 YAML 库","删除复制源码/元数据，改用锁定Maven依赖","已验证","待建立对应关系","16正常文档+2异常文档差分一致；配置回归及最终JAR隔离加载通过","第三方全库行为不属于项目重写范围","B-vendor-chat","build.gradle.kts:bundledLibraries(org.yaml:snakeyaml:2.6)","51EB96E3AF8242629C6BEF29DE54E04E5B15C078656B745113C85D7740EE84F6"
"src/main/java/xiaocaoawa/minecraft/mod/cobblebattle/shaded/snakeyaml/scanner/Scanner.java","第三方 YAML 库","删除复制源码/元数据，改用锁定Maven依赖","已验证","待建立对应关系","16正常文档+2异常文档差分一致；配置回归及最终JAR隔离加载通过","第三方全库行为不属于项目重写范围","B-vendor-chat","build.gradle.kts:bundledLibraries(org.yaml:snakeyaml:2.6)","D7527469FF90EDA6544FD62DD4916A6208B83C4B32B584E487C0891DE5CD44EB"
"src/main/java/xiaocaoawa/minecraft/mod/cobblebattle/shaded/snakeyaml/scanner/ScannerException.java","第三方 YAML 库","删除复制源码/元数据，改用锁定Maven依赖","已验证","待建立对应关系","16正常文档+2异常文档差分一致；配置回归及最终JAR隔离加载通过","第三方全库行为不属于项目重写范围","B-vendor-chat","build.gradle.kts:bundledLibraries(org.yaml:snakeyaml:2.6)","37B7C351C83987A9B802CFB0A2B9932ECA5E07B174DB71C2D36E28619DA500BA"
"src/main/java/xiaocaoawa/minecraft/mod/cobblebattle/shaded/snakeyaml/scanner/ScannerImpl.java","第三方 YAML 库","删除复制源码/元数据，改用锁定Maven依赖","已验证","待建立对应关系","16正常文档+2异常文档差分一致；配置回归及最终JAR隔离加载通过","第三方全库行为不属于项目重写范围","B-vendor-chat","build.gradle.kts:bundledLibraries(org.yaml:snakeyaml:2.6)","D34B5D95A56290D9EE7B723EC62011654B0C7453B76D4DD8B50F862568DA4CDE"
"src/main/java/xiaocaoawa/minecraft/mod/cobblebattle/shaded/snakeyaml/scanner/SimpleKey.java","第三方 YAML 库","删除复制源码/元数据，改用锁定Maven依赖","已验证","待建立对应关系","16正常文档+2异常文档差分一致；配置回归及最终JAR隔离加载通过","第三方全库行为不属于项目重写范围","B-vendor-chat","build.gradle.kts:bundledLibraries(org.yaml:snakeyaml:2.6)","B0208FC322BFE5C506CF7F907E49FA65855C64B8254FFDB41366FB52A308B7AF"
"src/main/java/xiaocaoawa/minecraft/mod/cobblebattle/shaded/snakeyaml/serializer/AnchorGenerator.java","第三方 YAML 库","删除复制源码/元数据，改用锁定Maven依赖","已验证","待建立对应关系","16正常文档+2异常文档差分一致；配置回归及最终JAR隔离加载通过","第三方全库行为不属于项目重写范围","B-vendor-chat","build.gradle.kts:bundledLibraries(org.yaml:snakeyaml:2.6)","D79911EF55FAC5FBA12600A4AF10799959434E7169C86BE0BC4330302B9888EF"
"src/main/java/xiaocaoawa/minecraft/mod/cobblebattle/shaded/snakeyaml/serializer/NumberAnchorGenerator.java","第三方 YAML 库","删除复制源码/元数据，改用锁定Maven依赖","已验证","待建立对应关系","16正常文档+2异常文档差分一致；配置回归及最终JAR隔离加载通过","第三方全库行为不属于项目重写范围","B-vendor-chat","build.gradle.kts:bundledLibraries(org.yaml:snakeyaml:2.6)","C2A24ABE470707A22202F63D170D11EA3D2F889F09731A84A47DE26F3AD708A4"
"src/main/java/xiaocaoawa/minecraft/mod/cobblebattle/shaded/snakeyaml/serializer/Serializer.java","第三方 YAML 库","删除复制源码/元数据，改用锁定Maven依赖","已验证","待建立对应关系","16正常文档+2异常文档差分一致；配置回归及最终JAR隔离加载通过","第三方全库行为不属于项目重写范围","B-vendor-chat","build.gradle.kts:bundledLibraries(org.yaml:snakeyaml:2.6)","169B9680293FEB488E8A99D87A163F67A8E0FCEA08AB1C26ACE6E6BA42EF9B74"
"src/main/java/xiaocaoawa/minecraft/mod/cobblebattle/shaded/snakeyaml/serializer/SerializerException.java","第三方 YAML 库","删除复制源码/元数据，改用锁定Maven依赖","已验证","待建立对应关系","16正常文档+2异常文档差分一致；配置回归及最终JAR隔离加载通过","第三方全库行为不属于项目重写范围","B-vendor-chat","build.gradle.kts:bundledLibraries(org.yaml:snakeyaml:2.6)","8CE939E22972F726D8F99B4AA7F09F18004B166AD0240C3FC84EF2838F86379F"
"src/main/java/xiaocaoawa/minecraft/mod/cobblebattle/shaded/snakeyaml/tokens/AliasToken.java","第三方 YAML 库","删除复制源码/元数据，改用锁定Maven依赖","已验证","待建立对应关系","16正常文档+2异常文档差分一致；配置回归及最终JAR隔离加载通过","第三方全库行为不属于项目重写范围","B-vendor-chat","build.gradle.kts:bundledLibraries(org.yaml:snakeyaml:2.6)","846A2B3D33BC88C15EAF221943A3BC92F42149FFE7629410BBD0A453D545F92D"
"src/main/java/xiaocaoawa/minecraft/mod/cobblebattle/shaded/snakeyaml/tokens/AnchorToken.java","第三方 YAML 库","删除复制源码/元数据，改用锁定Maven依赖","已验证","待建立对应关系","16正常文档+2异常文档差分一致；配置回归及最终JAR隔离加载通过","第三方全库行为不属于项目重写范围","B-vendor-chat","build.gradle.kts:bundledLibraries(org.yaml:snakeyaml:2.6)","202BEB84A24B520F0FB3E8C099767942BFD152084F15BB12562773A7F09D6721"
"src/main/java/xiaocaoawa/minecraft/mod/cobblebattle/shaded/snakeyaml/tokens/BlockEndToken.java","第三方 YAML 库","删除复制源码/元数据，改用锁定Maven依赖","已验证","待建立对应关系","16正常文档+2异常文档差分一致；配置回归及最终JAR隔离加载通过","第三方全库行为不属于项目重写范围","B-vendor-chat","build.gradle.kts:bundledLibraries(org.yaml:snakeyaml:2.6)","087DF7E0BD8A443A5E5A6D380914908DB5690BDF14C5F5E4A13B37688BC9A7EE"
"src/main/java/xiaocaoawa/minecraft/mod/cobblebattle/shaded/snakeyaml/tokens/BlockEntryToken.java","第三方 YAML 库","删除复制源码/元数据，改用锁定Maven依赖","已验证","待建立对应关系","16正常文档+2异常文档差分一致；配置回归及最终JAR隔离加载通过","第三方全库行为不属于项目重写范围","B-vendor-chat","build.gradle.kts:bundledLibraries(org.yaml:snakeyaml:2.6)","D85E984EE4D29BE0820B792AA47EC095A0C16464E5BC17EE166D0DD6EB5DD922"
"src/main/java/xiaocaoawa/minecraft/mod/cobblebattle/shaded/snakeyaml/tokens/BlockMappingStartToken.java","第三方 YAML 库","删除复制源码/元数据，改用锁定Maven依赖","已验证","待建立对应关系","16正常文档+2异常文档差分一致；配置回归及最终JAR隔离加载通过","第三方全库行为不属于项目重写范围","B-vendor-chat","build.gradle.kts:bundledLibraries(org.yaml:snakeyaml:2.6)","69F741BFA9351F6FDE583F7E6A0C4B654E8546971B298D0F40C16D520D983E54"
"src/main/java/xiaocaoawa/minecraft/mod/cobblebattle/shaded/snakeyaml/tokens/BlockSequenceStartToken.java","第三方 YAML 库","删除复制源码/元数据，改用锁定Maven依赖","已验证","待建立对应关系","16正常文档+2异常文档差分一致；配置回归及最终JAR隔离加载通过","第三方全库行为不属于项目重写范围","B-vendor-chat","build.gradle.kts:bundledLibraries(org.yaml:snakeyaml:2.6)","586E7ADD9448AD046DC4063E212493B97125E211E80DE66C1B9C41E8AB05AB80"
"src/main/java/xiaocaoawa/minecraft/mod/cobblebattle/shaded/snakeyaml/tokens/CommentToken.java","第三方 YAML 库","删除复制源码/元数据，改用锁定Maven依赖","已验证","待建立对应关系","16正常文档+2异常文档差分一致；配置回归及最终JAR隔离加载通过","第三方全库行为不属于项目重写范围","B-vendor-chat","build.gradle.kts:bundledLibraries(org.yaml:snakeyaml:2.6)","C90604BD7F4812E9FBAC80B7CFE657B027C6ADC10DFB67F1B11A2B123B936796"
"src/main/java/xiaocaoawa/minecraft/mod/cobblebattle/shaded/snakeyaml/tokens/DirectiveToken.java","第三方 YAML 库","删除复制源码/元数据，改用锁定Maven依赖","已验证","待建立对应关系","16正常文档+2异常文档差分一致；配置回归及最终JAR隔离加载通过","第三方全库行为不属于项目重写范围","B-vendor-chat","build.gradle.kts:bundledLibraries(org.yaml:snakeyaml:2.6)","5955EA754CB7C86410815E734B2AE8FFA40D86AE75DE7901571C5D7FCF70597B"
"src/main/java/xiaocaoawa/minecraft/mod/cobblebattle/shaded/snakeyaml/tokens/DocumentEndToken.java","第三方 YAML 库","删除复制源码/元数据，改用锁定Maven依赖","已验证","待建立对应关系","16正常文档+2异常文档差分一致；配置回归及最终JAR隔离加载通过","第三方全库行为不属于项目重写范围","B-vendor-chat","build.gradle.kts:bundledLibraries(org.yaml:snakeyaml:2.6)","BA2F3DEDF5460910559F2F8287958D884AB1EE72C4B84C5746B4F3EEA4ECA197"
"src/main/java/xiaocaoawa/minecraft/mod/cobblebattle/shaded/snakeyaml/tokens/DocumentStartToken.java","第三方 YAML 库","删除复制源码/元数据，改用锁定Maven依赖","已验证","待建立对应关系","16正常文档+2异常文档差分一致；配置回归及最终JAR隔离加载通过","第三方全库行为不属于项目重写范围","B-vendor-chat","build.gradle.kts:bundledLibraries(org.yaml:snakeyaml:2.6)","3E42FE0CCC3FF2DBC2A99103A9C25655D7939CFAF3286224B239FE30B59B50A1"
"src/main/java/xiaocaoawa/minecraft/mod/cobblebattle/shaded/snakeyaml/tokens/FlowEntryToken.java","第三方 YAML 库","删除复制源码/元数据，改用锁定Maven依赖","已验证","待建立对应关系","16正常文档+2异常文档差分一致；配置回归及最终JAR隔离加载通过","第三方全库行为不属于项目重写范围","B-vendor-chat","build.gradle.kts:bundledLibraries(org.yaml:snakeyaml:2.6)","CB2A40E9BD0806B6B035947DD3952C692675BA298C7C0279D8D179229799DA74"
"src/main/java/xiaocaoawa/minecraft/mod/cobblebattle/shaded/snakeyaml/tokens/FlowMappingEndToken.java","第三方 YAML 库","删除复制源码/元数据，改用锁定Maven依赖","已验证","待建立对应关系","16正常文档+2异常文档差分一致；配置回归及最终JAR隔离加载通过","第三方全库行为不属于项目重写范围","B-vendor-chat","build.gradle.kts:bundledLibraries(org.yaml:snakeyaml:2.6)","407AD9ED00E885B7D75085BB29D62441FD34B62788FB61C22E78565152D55E83"
"src/main/java/xiaocaoawa/minecraft/mod/cobblebattle/shaded/snakeyaml/tokens/FlowMappingStartToken.java","第三方 YAML 库","删除复制源码/元数据，改用锁定Maven依赖","已验证","待建立对应关系","16正常文档+2异常文档差分一致；配置回归及最终JAR隔离加载通过","第三方全库行为不属于项目重写范围","B-vendor-chat","build.gradle.kts:bundledLibraries(org.yaml:snakeyaml:2.6)","E1ED4B522F7DDD863798889CB933373F36D5591D43596F02783578CAB519A8A6"
"src/main/java/xiaocaoawa/minecraft/mod/cobblebattle/shaded/snakeyaml/tokens/FlowSequenceEndToken.java","第三方 YAML 库","删除复制源码/元数据，改用锁定Maven依赖","已验证","待建立对应关系","16正常文档+2异常文档差分一致；配置回归及最终JAR隔离加载通过","第三方全库行为不属于项目重写范围","B-vendor-chat","build.gradle.kts:bundledLibraries(org.yaml:snakeyaml:2.6)","090F783B46A22A0D10ACC8371779B3F9C2054457B379FC2B49F10CAAA21C955E"
"src/main/java/xiaocaoawa/minecraft/mod/cobblebattle/shaded/snakeyaml/tokens/FlowSequenceStartToken.java","第三方 YAML 库","删除复制源码/元数据，改用锁定Maven依赖","已验证","待建立对应关系","16正常文档+2异常文档差分一致；配置回归及最终JAR隔离加载通过","第三方全库行为不属于项目重写范围","B-vendor-chat","build.gradle.kts:bundledLibraries(org.yaml:snakeyaml:2.6)","E99AA5B1DAD6CAA156915CA92EDAC4F2CAA31F38AC21D9E2D1D67B7729EE1967"
"src/main/java/xiaocaoawa/minecraft/mod/cobblebattle/shaded/snakeyaml/tokens/KeyToken.java","第三方 YAML 库","删除复制源码/元数据，改用锁定Maven依赖","已验证","待建立对应关系","16正常文档+2异常文档差分一致；配置回归及最终JAR隔离加载通过","第三方全库行为不属于项目重写范围","B-vendor-chat","build.gradle.kts:bundledLibraries(org.yaml:snakeyaml:2.6)","E6386621EB6C44DA325079CF483CCB0BD2BDF61C15735400C6C04E99E5588430"
"src/main/java/xiaocaoawa/minecraft/mod/cobblebattle/shaded/snakeyaml/tokens/ScalarToken.java","第三方 YAML 库","删除复制源码/元数据，改用锁定Maven依赖","已验证","待建立对应关系","16正常文档+2异常文档差分一致；配置回归及最终JAR隔离加载通过","第三方全库行为不属于项目重写范围","B-vendor-chat","build.gradle.kts:bundledLibraries(org.yaml:snakeyaml:2.6)","E0A5A4E275E40085C0106E900600389FA4156E14F0B7B98510EF6CEE89A573F3"
"src/main/java/xiaocaoawa/minecraft/mod/cobblebattle/shaded/snakeyaml/tokens/StreamEndToken.java","第三方 YAML 库","删除复制源码/元数据，改用锁定Maven依赖","已验证","待建立对应关系","16正常文档+2异常文档差分一致；配置回归及最终JAR隔离加载通过","第三方全库行为不属于项目重写范围","B-vendor-chat","build.gradle.kts:bundledLibraries(org.yaml:snakeyaml:2.6)","A0822B959447D49EF9211A0CD9390E6EF1BCDAC2A5B4EA580871F283E5907320"
"src/main/java/xiaocaoawa/minecraft/mod/cobblebattle/shaded/snakeyaml/tokens/StreamStartToken.java","第三方 YAML 库","删除复制源码/元数据，改用锁定Maven依赖","已验证","待建立对应关系","16正常文档+2异常文档差分一致；配置回归及最终JAR隔离加载通过","第三方全库行为不属于项目重写范围","B-vendor-chat","build.gradle.kts:bundledLibraries(org.yaml:snakeyaml:2.6)","71BEF74945E43382E6ECBD3B3E70D986768AFE3DEE3AE0FC4FCB29F0D342BA53"
"src/main/java/xiaocaoawa/minecraft/mod/cobblebattle/shaded/snakeyaml/tokens/TagToken.java","第三方 YAML 库","删除复制源码/元数据，改用锁定Maven依赖","已验证","待建立对应关系","16正常文档+2异常文档差分一致；配置回归及最终JAR隔离加载通过","第三方全库行为不属于项目重写范围","B-vendor-chat","build.gradle.kts:bundledLibraries(org.yaml:snakeyaml:2.6)","CBEDE447A9500246C922D913AD1A4B6146D384E4C812F0A2CC316CC6EF654782"
"src/main/java/xiaocaoawa/minecraft/mod/cobblebattle/shaded/snakeyaml/tokens/TagTuple.java","第三方 YAML 库","删除复制源码/元数据，改用锁定Maven依赖","已验证","待建立对应关系","16正常文档+2异常文档差分一致；配置回归及最终JAR隔离加载通过","第三方全库行为不属于项目重写范围","B-vendor-chat","build.gradle.kts:bundledLibraries(org.yaml:snakeyaml:2.6)","AB06971123BD2D6CCCCB446B383105256086943041E9C4BED68D390E04E209D8"
"src/main/java/xiaocaoawa/minecraft/mod/cobblebattle/shaded/snakeyaml/tokens/Token.java","第三方 YAML 库","删除复制源码/元数据，改用锁定Maven依赖","已验证","待建立对应关系","16正常文档+2异常文档差分一致；配置回归及最终JAR隔离加载通过","第三方全库行为不属于项目重写范围","B-vendor-chat","build.gradle.kts:bundledLibraries(org.yaml:snakeyaml:2.6)","FE1F258A8C02201CBCF78416BDC8538C642DAFBE6AAB46B9CF5D80F06A211B9E"
"src/main/java/xiaocaoawa/minecraft/mod/cobblebattle/shaded/snakeyaml/tokens/ValueToken.java","第三方 YAML 库","删除复制源码/元数据，改用锁定Maven依赖","已验证","待建立对应关系","16正常文档+2异常文档差分一致；配置回归及最终JAR隔离加载通过","第三方全库行为不属于项目重写范围","B-vendor-chat","build.gradle.kts:bundledLibraries(org.yaml:snakeyaml:2.6)","0BD11CFA74A6BCDCB0998F08775738BCAD50E6CCFD9E694B7810D14C104CBE37"
"src/main/java/xiaocaoawa/minecraft/mod/cobblebattle/shaded/snakeyaml/util/ArrayStack.java","第三方 YAML 库","删除复制源码/元数据，改用锁定Maven依赖","已验证","待建立对应关系","16正常文档+2异常文档差分一致；配置回归及最终JAR隔离加载通过","第三方全库行为不属于项目重写范围","B-vendor-chat","build.gradle.kts:bundledLibraries(org.yaml:snakeyaml:2.6)","DA0EB4860C48741AF0F779FA795239C58C22D0D6EE76BE58DEA68FF742DBEE1D"
"src/main/java/xiaocaoawa/minecraft/mod/cobblebattle/shaded/snakeyaml/util/ArrayUtils.java","第三方 YAML 库","删除复制源码/元数据，改用锁定Maven依赖","已验证","待建立对应关系","16正常文档+2异常文档差分一致；配置回归及最终JAR隔离加载通过","第三方全库行为不属于项目重写范围","B-vendor-chat","build.gradle.kts:bundledLibraries(org.yaml:snakeyaml:2.6)","A48CB4C00BF8A6F3E087BCE03A12758BE42936A35EC17453C45EB52FCD5A4FE5"
"src/main/java/xiaocaoawa/minecraft/mod/cobblebattle/shaded/snakeyaml/util/EnumUtils.java","第三方 YAML 库","删除复制源码/元数据，改用锁定Maven依赖","已验证","待建立对应关系","16正常文档+2异常文档差分一致；配置回归及最终JAR隔离加载通过","第三方全库行为不属于项目重写范围","B-vendor-chat","build.gradle.kts:bundledLibraries(org.yaml:snakeyaml:2.6)","B11DF6DFAEBEF5089FA7FF5432D4E590CFAB5872CC59C63BCA1EFF211A341DDF"
"src/main/java/xiaocaoawa/minecraft/mod/cobblebattle/shaded/snakeyaml/util/MergeUtils.java","第三方 YAML 库","删除复制源码/元数据，改用锁定Maven依赖","已验证","待建立对应关系","16正常文档+2异常文档差分一致；配置回归及最终JAR隔离加载通过","第三方全库行为不属于项目重写范围","B-vendor-chat","build.gradle.kts:bundledLibraries(org.yaml:snakeyaml:2.6)","FD735958892265EFC91DD88DCE9EC9185B33BBEA1D871D3AEA02777BE03525B7"
"src/main/java/xiaocaoawa/minecraft/mod/cobblebattle/shaded/snakeyaml/util/PlatformFeatureDetector.java","第三方 YAML 库","删除复制源码/元数据，改用锁定Maven依赖","已验证","待建立对应关系","16正常文档+2异常文档差分一致；配置回归及最终JAR隔离加载通过","第三方全库行为不属于项目重写范围","B-vendor-chat","build.gradle.kts:bundledLibraries(org.yaml:snakeyaml:2.6)","ABBB3C6BFA12412D0C343A1C4519018CF2DAF5D94A287C38AFC1AAF0B537CF50"
"src/main/java/xiaocaoawa/minecraft/mod/cobblebattle/shaded/snakeyaml/util/Tuple.java","第三方 YAML 库","删除复制源码/元数据，改用锁定Maven依赖","已验证","待建立对应关系","16正常文档+2异常文档差分一致；配置回归及最终JAR隔离加载通过","第三方全库行为不属于项目重写范围","B-vendor-chat","build.gradle.kts:bundledLibraries(org.yaml:snakeyaml:2.6)","8CE1136B80AF202DFC02FA8BA598348934226673C07A4C86B4192587073C6C98"
"src/main/java/xiaocaoawa/minecraft/mod/cobblebattle/shaded/snakeyaml/util/UriEncoder.java","第三方 YAML 库","删除复制源码/元数据，改用锁定Maven依赖","已验证","待建立对应关系","16正常文档+2异常文档差分一致；配置回归及最终JAR隔离加载通过","第三方全库行为不属于项目重写范围","B-vendor-chat","build.gradle.kts:bundledLibraries(org.yaml:snakeyaml:2.6)","E05C0757C05B5384144E69D30D6F7F11A99F94F5855D90AFD22589BEE7A486FA"
"src/main/resources/cobblebattle.mixins.json","运行资源/协议配置","审查并按业务链路重构","待审查","待建立对应关系","基线全量编译通过；无行为测试","审查、实施、行为验证","baseline-local-20260914","","4E6739BDF1CFC4D2662663F9F949295D8BACD2261D3CFE2BE38A0E8703F2D29E"
"src/main/resources/cobblebattle.yml","运行资源/协议配置","审查并按业务链路重构","待审查","待建立对应关系","基线全量编译通过；无行为测试","审查、实施、行为验证","baseline-local-20260914","","9855386C8D9A0CE5A2D580A23A8CEC7BC8F488FCFDFC4374BBEC13F952095320"
"src/main/resources/assets/cobblebattle/font/font.ttf","运行资源/协议配置","审查并按业务链路重构","待审查","待建立对应关系","基线全量编译通过；无行为测试","审查、实施、行为验证","baseline-local-20260914","","2F4AAA4A1B33C51AA9845D8ED9F678736F367299F85B9CA246FE4DEEE9CBC166"
"src/main/resources/assets/cobblebattle/font/ui.json","运行资源/协议配置","审查并按业务链路重构","待审查","待建立对应关系","基线全量编译通过；无行为测试","审查、实施、行为验证","baseline-local-20260914","","F18B8344F329F5DC5B76C58A0C75F644507A0E502E57A39A0FF0BBE0926EB6E1"
"src/main/resources/assets/cobblebattle/lang/en_us.json","运行资源/协议配置","审查并按业务链路重构","待审查","待建立对应关系","基线全量编译通过；无行为测试","审查、实施、行为验证","baseline-local-20260914","","A59FDAEE7E5C7DAD3B22BE80B2BE145B04A395D154EC74E415008DA70E1D7BF7"
"src/main/resources/assets/cobblebattle/lang/zh_cn.json","运行资源/协议配置","审查并按业务链路重构","待审查","待建立对应关系","基线全量编译通过；无行为测试","审查、实施、行为验证","baseline-local-20260914","","054842D1E41DD9233E7628F26BA415DF8455233CF04EED35DF332A13CF3A1C67"
"src/main/resources/assets/cobblebattle/textures/gui/auth_background.png","运行资源/协议配置","审查并按业务链路重构","待审查","待建立对应关系","基线全量编译通过；无行为测试","审查、实施、行为验证","baseline-local-20260914","","87396A07FC696E8EEC832B0A217D6BCA440EB155E13328C0D75D7863654D9997"
"src/main/resources/assets/cobblebattle/textures/gui/battle_chat.png","运行资源/协议配置","审查并按业务链路重构","待审查","待建立对应关系","基线全量编译通过；无行为测试","审查、实施、行为验证","baseline-local-20260914","","8310489A5AC0292F9640782195C345CFCA9C3A763B46FD2CB18DAF34EB37B5E6"
"src/main/resources/assets/cobblebattle/textures/gui/blank.png","运行资源/协议配置","审查并按业务链路重构","待审查","待建立对应关系","基线全量编译通过；无行为测试","审查、实施、行为验证","baseline-local-20260914","","D2809211F64314037D6FE3CB7BB784B6A19C986FA35850A0CAAF5AD8FD4B97D4"
"src/main/resources/assets/cobblebattle/textures/gui/leaderboard/base.png","运行资源/协议配置","审查并按业务链路重构","待审查","待建立对应关系","基线全量编译通过；无行为测试","审查、实施、行为验证","baseline-local-20260914","","AE11FFB47CECD2262AAFDC8170D1E2E4C14E71522EC7CFE23AB0AAA704F231D6"
"src/main/resources/assets/cobblebattle/textures/gui/leaderboard/screen_1.png","运行资源/协议配置","审查并按业务链路重构","待审查","待建立对应关系","基线全量编译通过；无行为测试","审查、实施、行为验证","baseline-local-20260914","","2BF4BFAF3DD1EA403AE6EA06BA4B0813CC640B25FA7DD1DB6FA76834D50868FD"
"src/main/resources/assets/cobblebattle/textures/gui/leaderboard/screen_2.png","运行资源/协议配置","审查并按业务链路重构","待审查","待建立对应关系","基线全量编译通过；无行为测试","审查、实施、行为验证","baseline-local-20260914","","055D8EDFD6D60831CA92C96BFBE187FF83B86A58857A4063E5AAFD090DA569DA"
"src/main/resources/assets/cobblebattle/textures/gui/leaderboard/screen.png","运行资源/协议配置","审查并按业务链路重构","待审查","待建立对应关系","基线全量编译通过；无行为测试","审查、实施、行为验证","baseline-local-20260914","","5864E70A2D6C0AF5F6EC6F8AE10F6D29B4D07C47B0EC27474889707368CB7EED"
"src/main/resources/data/cobblebattle/npcs/mirror.json","运行资源/协议配置","审查并按业务链路重构","待审查","待建立对应关系","基线全量编译通过；无行为测试","审查、实施、行为验证","baseline-local-20260914","","4421CF85E360AF5E84F9B479CD0F90A0516D0E5A75687ECED559AA1FDD1BB39A"
"src/main/resources/lang/en_us.properties","运行资源/协议配置","审查并按业务链路重构","待审查","待建立对应关系","基线全量编译通过；无行为测试","审查、实施、行为验证","baseline-local-20260914","","63062551E81CE9F920C87E3FA2F128D663C382B2090D28A826B56A87FCCA81DE"
"src/main/resources/lang/zh_cn.properties","运行资源/协议配置","审查并按业务链路重构","待审查","待建立对应关系","基线全量编译通过；无行为测试","审查、实施、行为验证","baseline-local-20260914","","0171EFACEAB3D5FED9DA798A98255EB9B9213BE361DBD9F2F58F643EDC1E1168"
"src/main/resources/META-INF/MANIFEST.MF","运行资源/协议配置","审查并按业务链路重构","待审查","待建立对应关系","基线全量编译通过；无行为测试","审查、实施、行为验证","baseline-local-20260914","","566AD1A80220026D05099562645CE968FF0E7C36CDE22634332605BB34CC3EFF"
"src/main/resources/META-INF/neoforge.mods.toml","运行资源/协议配置","审查并按业务链路重构","待审查","待建立对应关系","基线全量编译通过；无行为测试","审查、实施、行为验证","baseline-local-20260914","","FA323DF4BDC66BDAD50EA65CEA4A0B6CA0935ED6D7B61B24467B3A05B61AFA4C"
"src/main/resources/META-INF/maven/org.yaml/snakeyaml/pom.properties","运行资源/协议配置","删除复制源码/元数据，改用锁定Maven依赖","已验证","待建立对应关系","16正常文档+2异常文档差分一致；配置回归及最终JAR隔离加载通过","第三方全库行为不属于项目重写范围","B-vendor-chat","build.gradle.kts:bundledLibraries(org.yaml:snakeyaml:2.6)","FD339EF5F9A473DBFF433CCEA716F53785414E3EBA0188E776BFB8E7C0F254E6"
"src/main/resources/META-INF/maven/org.yaml/snakeyaml/pom.xml","运行资源/协议配置","删除复制源码/元数据，改用锁定Maven依赖","已验证","待建立对应关系","16正常文档+2异常文档差分一致；配置回归及最终JAR隔离加载通过","第三方全库行为不属于项目重写范围","B-vendor-chat","build.gradle.kts:bundledLibraries(org.yaml:snakeyaml:2.6)","2773B0E948964D21E37B0E1DCF39025E627B873E0CE6AA2A47E23C374303E0C4"
"build.gradle.kts","Gradle及IDE构建","新增","已验证","B1 构建及13个基线契约用例","Gradle build成功，13 tests / 0 failures","后续受影响时重跑；IDEA实际界面导入未实测","B1-gradle-baseline","build.ps1","BBE5E8B51A0BD36D839FE8666969D6FBB79D223EEB3466A8C747D35AC31ED11F"
"settings.gradle.kts","Gradle及IDE构建","新增","已验证","B1 构建及13个基线契约用例","Gradle build成功，13 tests / 0 failures","后续受影响时重跑；IDEA实际界面导入未实测","B1-gradle-baseline","build.ps1","D7ADBFB4E6726D6A377038DC871C84EB1440D48134DCCA24389CF5D596EE13FC"
"gradle.properties","Gradle及IDE构建","新增","已验证","B1 构建及13个基线契约用例","Gradle build成功，13 tests / 0 failures","后续受影响时重跑；IDEA实际界面导入未实测","B1-gradle-baseline","build.ps1","4F7B08FFB3C3DE67A01CE4FDFB5FE4480CD96956E9923377693B24EC186E140D"
"gradlew","Gradle及IDE构建","新增","已验证","B1 构建及13个基线契约用例","Gradle build成功，13 tests / 0 failures","后续受影响时重跑；IDEA实际界面导入未实测","B1-gradle-baseline","build.ps1","6C8726FF768626B917E23A551E0EB794E1280C544D5362B991F50BAE37B8C5F6"
"gradlew.bat","Gradle及IDE构建","新增","已验证","B1 构建及13个基线契约用例","Gradle build成功，13 tests / 0 failures","后续受影响时重跑；IDEA实际界面导入未实测","B1-gradle-baseline","build.ps1","0F3ED8F03B50934CB8C48B15A470D5C20A30A5385825E48B55BCC8EA3D8F8E18"
"gradle/wrapper/gradle-wrapper.jar","Gradle及IDE构建","新增","已验证","B1 构建及13个基线契约用例","Gradle build成功，13 tests / 0 failures","后续受影响时重跑；IDEA实际界面导入未实测","B1-gradle-baseline","build.ps1","2DB75C40782F5E8BA1FC278A5574BAB070ADCCB2D21CA5A6E5ED840888448046"
"gradle/wrapper/gradle-wrapper.properties","Gradle及IDE构建","新增","已验证","B1 构建及13个基线契约用例","Gradle build成功，13 tests / 0 failures","后续受影响时重跑；IDEA实际界面导入未实测","B1-gradle-baseline","build.ps1","66D096EE711CE7CC5F4D340AE27D2E89124714301798FB92AEACAFA5EEE4DC71"
"src/test/kotlin/xiaocaoawa/minecraft/mod/cobblebattle/ChatContractTest.kt","行为契约测试","新增","已验证","B1 构建及13个基线契约用例","Gradle build成功，13 tests / 0 failures","后续受影响时重跑；IDEA实际界面导入未实测","B1-gradle-baseline","build.ps1","68B26DAEDB4F5E728C08926802FBD13B6BE12489865DF37006967D71E3BA5FE8"
"src/test/kotlin/xiaocaoawa/minecraft/mod/cobblebattle/TransportContractTest.kt","行为契约测试","新增","已验证","B1 构建及13个基线契约用例","Gradle build成功，13 tests / 0 failures","后续受影响时重跑；IDEA实际界面导入未实测","B1-gradle-baseline","build.ps1","2CEDB4536F1FF983A75456C3E28721B5AACDDB1509B67C1E53E297FF95199CE6"
"src/test/kotlin/xiaocaoawa/minecraft/mod/cobblebattle/ValueContractTest.kt","行为契约测试","新增","已验证","B1 构建及13个基线契约用例","Gradle build成功，13 tests / 0 failures","后续受影响时重跑；IDEA实际界面导入未实测","B1-gradle-baseline","build.ps1","34152208E591CB5E380C5F5C54A1C73AB19F6575940613A6AF9774CB167585B9"
"src/test/kotlin/xiaocaoawa/minecraft/mod/cobblebattle/config/ConfigurationContractTest.kt","行为契约测试","新增","已验证","B1 构建及13个基线契约用例","全量21项测试通过；见b3-tests.json","后续受影响时重跑；IDEA实际界面导入未实测","B3-account","build.ps1","3F972F4FFCBDEB9BCED6FC8B2B54512438DDAA67246A55A5A2DC8F2A04EDC75D"
"src/main/kotlin/io/github/rinicesiberia/shadowbattle/configuration/ConfigurationDocument.kt","配置读取/热加载/持久身份及契约验证","新增Kotlin实现","已验证","配置和身份链路","16项全量测试通过，其中身份3项、配置5项","后续受影响时重跑","B2-configuration","config/ConfigFile.java;config/YamlTree.java;config/ServerIdentity.java","74CDEF9912773E7FFA5696C0B50F64339F3C7F2A0BFEB138FEC80A21E0980B79"
"src/main/kotlin/io/github/rinicesiberia/shadowbattle/configuration/ConfigurationReloading.kt","配置读取/热加载/持久身份及契约验证","新增Kotlin实现","已验证","配置和身份链路","16项全量测试通过，其中身份3项、配置5项","后续受影响时重跑","B2-configuration","config/ConfigFile.java;config/YamlTree.java;config/ServerIdentity.java","345B2372027DEA8E0A049E225234F58644D8479088BC86FB545C895945253F71"
"src/main/kotlin/io/github/rinicesiberia/shadowbattle/configuration/ConfigurationRepository.kt","配置读取/热加载/持久身份及契约验证","新增Kotlin实现","已验证","配置和身份链路","16项全量测试通过，其中身份3项、配置5项","后续受影响时重跑","B2-configuration","config/ConfigFile.java;config/YamlTree.java;config/ServerIdentity.java","2C1D046F43F8B91CDE9A3047270E021574D746F238606CF5B86965AD761D927B"
"src/main/kotlin/io/github/rinicesiberia/shadowbattle/configuration/PersistentServerIdentity.kt","配置读取/热加载/持久身份及契约验证","新增Kotlin实现","已验证","配置和身份链路","16项全量测试通过，其中身份3项、配置5项","后续受影响时重跑","B2-configuration","config/ConfigFile.java;config/YamlTree.java;config/ServerIdentity.java","70C939144B67191CBF4438A8C99EF0B55F89944BEC6D24DC92E76F3AE72616D0"
"src/test/kotlin/io/github/rinicesiberia/shadowbattle/configuration/PersistentServerIdentityTest.kt","配置读取/热加载/持久身份及契约验证","新增Kotlin实现","已验证","配置和身份链路","16项全量测试通过，其中身份3项、配置5项","后续受影响时重跑","B2-configuration","config/ConfigFile.java;config/YamlTree.java;config/ServerIdentity.java","5F841364E270320EB5E36395247CCF73D1D398698FFE9FF5B17ABB5D19B54442"
"src/main/kotlin/io/github/rinicesiberia/shadowbattle/transport/MessageFields.kt","对战TCP连接和消息字段","Kotlin实现及Java兼容入口","待验证","握手、帧传输、压缩、断线、重连","B3-transport基线16项通过，网络2项通过","补充重连/异常分支及集成验证","B3-transport","net/BattleServerClient.java","9D128CF73F3024B4A7697E02849CE83F23E0C26CE5F41F988F67DCFE0CBBFE4A"
"src/main/kotlin/io/github/rinicesiberia/shadowbattle/transport/RemoteBattleConnection.kt","对战TCP连接和消息字段","Kotlin实现及Java兼容入口","待验证","握手、帧传输、压缩、断线、重连","B3-transport基线16项通过，网络2项通过","补充重连/异常分支及集成验证","B3-transport","net/BattleServerClient.java","D89D47FA88120DC21BCDAF988E45B4DF51B38E80B87F0B8BF036967F50A164CE"
"src/main/kotlin/io/github/rinicesiberia/shadowbattle/account/AccountSessions.kt","认证/传输及契约测试","新增","待验证","认证状态和协议","全量21项测试通过；见b3-tests.json","完整链路集成验证","B3-account","account/AuthService.java;net/BattleServerClient.java","F37B6E25032E47315D31D50C86D50FFC980FF58D56B526B2AFE95EAA56906EFE"
"src/main/kotlin/io/github/rinicesiberia/shadowbattle/account/AuthenticationMessages.kt","认证/传输及契约测试","新增","已验证","认证状态和协议","全量21项测试通过；见b3-tests.json","完整链路集成验证","B3-account","account/AuthService.java;net/BattleServerClient.java","76181228DA9023387E2134CC3324FDFD6C0F92F23A5ADAD720D703B7D4C61C6A"
"src/test/kotlin/io/github/rinicesiberia/shadowbattle/account/AuthenticationMessagesTest.kt","认证/传输及契约测试","新增","已验证","认证状态和协议","全量21项测试通过；见b3-tests.json","完整链路集成验证","B3-account","account/AuthService.java;net/BattleServerClient.java","4CE5C2F64CBDCF2A098201F62541D599E1578FF6E9E0B0B4687B113290A3C126"
"src/test/kotlin/xiaocaoawa/minecraft/mod/cobblebattle/AccountContractTest.kt","认证/传输及契约测试","新增","已验证","认证状态和协议","全量21项测试通过；见b3-tests.json","完整链路集成验证","B3-account","account/AuthService.java;net/BattleServerClient.java","06318D76CD5C0BF9B43A4C6A8513E1A04C56C9BFEFA1D0FD8B9BB13ACF9B8E91"
"src/main/kotlin/io/github/rinicesiberia/shadowbattle/client/chat/ChatHistory.kt","聊天状态/发布包检查","新增Kotlin实现","已验证","频道消息边界、状态切换、发布包依赖隔离","聊天3项基线回归；发布包隔离加载检查通过","游戏界面联调","B-vendor-chat","client/ChatLog.java;client/ChatState.java","3D2A4E6EA46D25AC846EA7D46458AA328568C3E6F3EE4B6E3A9E9A90FCC88125"
"src/main/kotlin/io/github/rinicesiberia/shadowbattle/client/chat/ConversationState.kt","聊天状态/发布包检查","新增Kotlin实现","已验证","频道消息边界、状态切换、发布包依赖隔离","聊天3项基线回归；发布包隔离加载检查通过","游戏界面联调","B-vendor-chat","client/ChatLog.java;client/ChatState.java","5A098F8C530B689C6F3EBBBF82FA5A33AE3A696B67F98D93C5BADF801447891F"
"src/test/kotlin/io/github/rinicesiberia/shadowbattle/ArtifactContractTest.kt","聊天状态/发布包检查","新增Kotlin实现","已验证","频道消息边界、状态切换、发布包依赖隔离","聊天3项基线回归；发布包隔离加载检查通过","游戏界面联调","B-vendor-chat","client/ChatLog.java;client/ChatState.java","A884F445C703A8D704F923201C18BC2884A3718A275C2A9A17CCED0A222BDC23"
"src/main/kotlin/io/github/rinicesiberia/shadowbattle/battle/BattleProjectionIndex.kt","对战索引、乱序输出与契约测试","新增Kotlin实现或测试","已验证","构造注册/座位路由/选择中继/序号缓存/结束保留窗口","迁移前5项契约及新增3项通过；全量30项通过","真实Showdown解释器及实体生命周期集成","B4-projection","battle/CrossServerBattles.java;battle/MirrorBattle.java","14376129186F11CB5D761595D1EE78D03D1FF8D2F68EA22841FC7AEBC04B6451"
"src/main/kotlin/io/github/rinicesiberia/shadowbattle/battle/SequencedOutputBuffer.kt","对战索引、乱序输出与契约测试","新增Kotlin实现或测试","已验证","构造注册/座位路由/选择中继/序号缓存/结束保留窗口","迁移前5项契约及新增3项通过；全量30项通过","真实Showdown解释器及实体生命周期集成","B4-projection","battle/CrossServerBattles.java;battle/MirrorBattle.java","FB6446D3404DA89533F09298C8402BA6EA47F9D382BEA0BCEB50A423AE216FAC"
"src/test/kotlin/xiaocaoawa/minecraft/mod/cobblebattle/BattleProjectionContractTest.kt","对战索引、乱序输出与契约测试","新增Kotlin实现或测试","已验证","构造注册/座位路由/选择中继/序号缓存/结束保留窗口","迁移前5项契约及新增3项通过；全量30项通过","真实Showdown解释器及实体生命周期集成","B4-projection","battle/CrossServerBattles.java;battle/MirrorBattle.java","C4E837A6AA794F39B752F52C888EE16281D23136B1121F468D1390A2D67104EA"
"src/test/kotlin/io/github/rinicesiberia/shadowbattle/BattleStreamContractTest.kt","对战索引、乱序输出与契约测试","新增Kotlin实现或测试","已验证","构造注册/座位路由/选择中继/序号缓存/结束保留窗口","迁移前5项契约及新增3项通过；全量30项通过","真实Showdown解释器及实体生命周期集成","B4-projection","battle/CrossServerBattles.java;battle/MirrorBattle.java","AC00458AA0D3B7E8CDFDA9059F4F3B1E5849D84C398613F0E02E3C73DD97D9DF"
"src/main/kotlin/io/github/rinicesiberia/shadowbattle/battle/QueueReferenceBook.kt","排队与房间请求状态","新增Kotlin实现","已验证","等待队伍、房主引用、查询引用的绑定、领取和清空","状态契约2项及全量32项测试通过","由BattleQueue继续承担Minecraft和远端协议集成","B6-queue-state","src/main/java/xiaocaoawa/minecraft/mod/cobblebattle/battle/BattleQueue.java","95CB666A36EEA81EE47024D77C59E6AF374E27DB3870BDD62CFAC663470302E0"
"src/test/kotlin/io/github/rinicesiberia/shadowbattle/QueueReferenceBookTest.kt","队列状态契约测试","新增","已验证","引用一次性领取及全量清空","2项测试通过；全量32项测试通过","受状态组件改动时重跑","B6-queue-state","src/main/kotlin/io/github/rinicesiberia/shadowbattle/battle/QueueReferenceBook.kt","540D20ADCBD2058736B0BC6E23B362CBF2717D0317637BF1E403D314D90D2E91"
"src/main/kotlin/io/github/rinicesiberia/shadowbattle/battle/ServiceRequestLedger.kt","跨服服务请求引用状态","新增Kotlin实现","已验证","菜单、排行榜、聊天引用的独立绑定、领取、容量限制及失败撤回","状态契约3项及全量35项测试通过","由CrossServerBattleService承担协议响应和玩家副作用","B4-request-ledger","src/main/java/xiaocaoawa/minecraft/mod/cobblebattle/battle/CrossServerBattleService.java","68713A70FA6A7AB2F5254C1311160E7151A9C55047022FAE6F76FA1AF26809E9"
"src/test/kotlin/io/github/rinicesiberia/shadowbattle/ServiceRequestLedgerTest.kt","服务请求引用契约测试","新增","已验证","通道隔离、一次性领取、64项上限和失败撤回","3项测试通过；全量35项测试通过","受请求账本改动时重跑","B4-request-ledger","src/main/kotlin/io/github/rinicesiberia/shadowbattle/battle/ServiceRequestLedger.kt","B88EC647BD80611ED1E22423BC2E74EE17A0FEE7FF34065CF34C231786A75662"
"src/main/kotlin/io/github/rinicesiberia/shadowbattle/battle/RoomDirectoryState.kt","房间目录缓存与请求状态","新增Kotlin实现","已验证","缓存窗口、请求合并、在途清理、摘要去重和会话清空","状态契约4项及全量39项测试通过","由CrossServerBattleService承担房间协议解析和客户端发送","B4-room-directory","src/main/java/xiaocaoawa/minecraft/mod/cobblebattle/battle/CrossServerBattleService.java","AE411059F5D04A148967571C2A18C0C3D52B7BEF8F8D8F7A69366049A1B47522"
"src/test/kotlin/io/github/rinicesiberia/shadowbattle/RoomDirectoryStateTest.kt","房间目录状态契约测试","新增","已验证","1秒/4.5秒边界、刷新合并、错误回收与发送摘要","4项测试通过；全量39项测试通过","受房间目录状态改动时重跑","B4-room-directory","src/main/kotlin/io/github/rinicesiberia/shadowbattle/battle/RoomDirectoryState.kt","A5C4FFCA0E6B058B5568ABCC035E49AAB4E6259B9F127094F8DBE7875C822755"
"src/main/kotlin/io/github/rinicesiberia/shadowbattle/battle/TeamSelection.kt","远端队伍预选","新增Kotlin实现","已验证","有效排序、空选择沿用、非法序号回退完整队伍","分支契约4项及全量43项测试通过","由MirrorFactory承担实体和BattleRegistry集成","B4-team-selection","src/main/java/xiaocaoawa/minecraft/mod/cobblebattle/battle/MirrorFactory.java","86AC5F3C9142C97FB88ACB390276E96C638E30738F6C3B09F79024299895642F"
"src/test/kotlin/io/github/rinicesiberia/shadowbattle/TeamSelectionTest.kt","队伍预选契约测试","新增","已验证","排序、缺失、空数组、非数字、负数、越界和重复序号","4项测试通过；全量43项测试通过","受队伍预选规则改动时重跑","B4-team-selection","src/main/kotlin/io/github/rinicesiberia/shadowbattle/battle/TeamSelection.kt","92A6027EA71F812C190E5DAE50F333E21B13E9D154C4936041D35E3FDA507553"
"src/main/kotlin/io/github/rinicesiberia/shadowbattle/battle/MirrorParticipantState.kt","镜像参与者与业务描述状态","新增Kotlin实现","已验证","本地玩家顺序、座位映射、观战者和双方BattleInfo","状态契约3项、原投影8项及全量46项测试通过","由MirrorBattle承担实体及Showdown集成","B4-mirror-participants","src/main/java/xiaocaoawa/minecraft/mod/cobblebattle/battle/MirrorBattle.java","92A57E57B5E5664BE37B46129D9D00A9DD53BB5E8B105182651E49607B7D9DA9"
"src/test/kotlin/io/github/rinicesiberia/shadowbattle/MirrorParticipantStateTest.kt","镜像参与者状态契约测试","新增","已验证","双本地玩家、座位、观战者和双方描述","3项测试通过；全量46项测试通过","受参与者状态改动时重跑","B4-mirror-participants","src/main/kotlin/io/github/rinicesiberia/shadowbattle/battle/MirrorParticipantState.kt","333C2B2DFD0884BCA49A82BCDCA365487E9D331EE7817987F6A60B7B2FCB3ED8"
"src/main/kotlin/io/github/rinicesiberia/shadowbattle/battle/MirrorEntityRegistry.kt","镜像实体引用容器","新增Kotlin实现","已验证","空值忽略、不可变快照和一次性转移清空","容器契约2项、全量48项及MirrorBattle公开ABI对照通过","由MirrorFactory和MirrorTeardown承担实体生命周期集成","B4-mirror-entities","src/main/java/xiaocaoawa/minecraft/mod/cobblebattle/battle/MirrorBattle.java","7857792B261EDDB091B15528043BE249D95F14D9F592DCC3EAF2865DD8D23939"
"src/test/kotlin/io/github/rinicesiberia/shadowbattle/MirrorEntityRegistryTest.kt","镜像实体容器契约测试","新增","已验证","快照保留与take转移清空","2项测试通过；全量48项测试通过","受实体容器改动时重跑","B4-mirror-entities","src/main/kotlin/io/github/rinicesiberia/shadowbattle/battle/MirrorEntityRegistry.kt","131D9DD2956D56AD708A19FA30180E97E99757D70D0A21C3D5481526CEA5235D"
"src/main/kotlin/io/github/rinicesiberia/shadowbattle/battle/BattleFormatResolver.kt","远端规则格式解析","新增Kotlin实现","已验证","格式回退、规则去重保序、空规则继承和等级覆盖","规则格式3项及全量51项测试通过","由MirrorFactory承担BattleRegistry启动集成","B4-format-resolution","src/main/java/xiaocaoawa/minecraft/mod/cobblebattle/battle/MirrorFactory.java","8582BE860AC2791D14C1B21383F87D40C21A288526DD6399BEED9D7966C1B590"
"src/test/kotlin/io/github/rinicesiberia/shadowbattle/BattleFormatResolverTest.kt","远端规则格式契约测试","新增","已验证","默认格式、规则覆盖/去重、空规则回退和等级调整","3项测试通过；全量51项测试通过","受格式解析改动时重跑","B4-format-resolution","src/main/kotlin/io/github/rinicesiberia/shadowbattle/battle/BattleFormatResolver.kt","1D75D2FDC23A392C25D88DDCA2057EFC57C39C0B48C60E3E95429AF712E8A0C2"
"src/main/kotlin/io/github/rinicesiberia/shadowbattle/battle/BattleResultProjection.kt","结束帧胜负与分数投影","新增Kotlin实现","已验证","胜负映射、分数顺序、非法玩家忽略、默认值和惰性目标查找","结果契约3项及全量54项测试通过","由CrossServerBattleService承担事件和消息副作用","B4-battle-result","src/main/java/xiaocaoawa/minecraft/mod/cobblebattle/battle/CrossServerBattleService.java","E5F0E4B6BB82977E2204F3B0EE73349ECF97F796E500F1FF6EC0049821638F4A"
"src/test/kotlin/io/github/rinicesiberia/shadowbattle/BattleResultProjectionTest.kt","结束结果投影契约测试","新增","已验证","胜负、非法UUID、顺序、默认值和惰性查找","3项测试通过；全量54项测试通过","受结束结果解析改动时重跑","B4-battle-result","src/main/kotlin/io/github/rinicesiberia/shadowbattle/battle/BattleResultProjection.kt","F59BC3BA18E8FE10D75855317373C576F3BF18769315DABECAD7A8FDBD9C2781"
